,SN,Bad,Bad Critical,Critical Pass Rate,Good,Ignored,Pass Rate
0,FR320009010229,8,2,0.8181818181818182,81,1,0.9101123595505618
1,FR320009010230,10,2,0.8181818181818182,79,1,0.8876404494382022
2,FR320009010231,8,2,0.8181818181818182,81,1,0.9101123595505618
3,FR320009010232,9,2,0.8181818181818182,80,1,0.898876404494382
4,FR320009010233,8,2,0.8181818181818182,81,1,0.9101123595505618
5,FR320009010234,7,1,0.9090909090909091,82,1,0.9213483146067416
6,FR320009010241,6,2,0.8181818181818182,83,1,0.9325842696629213
7,FR320009010242,8,2,0.8181818181818182,81,1,0.9101123595505618
8,FR320009010243,10,2,0.8181818181818182,79,1,0.8876404494382022
9,FR120013010000,21,1,0.9090909090909091,68,1,0.7640449438202247
10,FR120013010001,12,1,0.9090909090909091,77,1,0.8651685393258427
11,FR120013010002,15,1,0.9090909090909091,74,1,0.8314606741573034
12,FR220013010000,21,1,0.9090909090909091,68,1,0.7640449438202247
13,FR220013010001,18,1,0.9090909090909091,71,1,0.797752808988764
14,FR220013010002,19,1,0.9090909090909091,70,1,0.7865168539325843
15,FR220013010003,12,1,0.9090909090909091,77,1,0.8651685393258427
16,FR220013010004,13,1,0.9090909090909091,76,1,0.8539325842696629
17,FR220013010005,12,1,0.9090909090909091,77,1,0.8651685393258427
18,FR220013010006,11,1,0.9090909090909091,78,1,0.8764044943820225
19,FR220013010007,14,1,0.9090909090909091,75,1,0.8426966292134831
20,FR220013010008,17,1,0.9090909090909091,72,1,0.8089887640449438
21,FR220013010009,6,1,0.9090909090909091,83,1,0.9325842696629213
22,FR220013010010,18,1,0.9090909090909091,71,1,0.797752808988764
23,FR220013010011,15,1,0.9090909090909091,74,1,0.8314606741573034
24,FR220013010012,14,1,0.9090909090909091,75,1,0.8426966292134831
25,FR220013010013,13,2,0.8181818181818182,76,1,0.8539325842696629
26,FR220013010014,7,1,0.9090909090909091,82,1,0.9213483146067416
27,FR220013010015,16,2,0.8181818181818182,73,1,0.8202247191011236
28,FR220013010016,15,1,0.9090909090909091,74,1,0.8314606741573034
29,FR220013010017,12,1,0.9090909090909091,77,1,0.8651685393258427
30,FR220013010018,13,2,0.8181818181818182,76,1,0.8539325842696629
31,FR220013010019,22,2,0.8181818181818182,67,1,0.7528089887640449
32,FR220013010020,14,1,0.9090909090909091,75,1,0.8426966292134831
33,FR220013010021,7,1,0.9090909090909091,82,1,0.9213483146067416
34,FR220013010022,9,1,0.9090909090909091,80,1,0.898876404494382
35,FR220013010023,7,1,0.9090909090909091,82,1,0.9213483146067416
36,FR220013010024,7,1,0.9090909090909091,82,1,0.9213483146067416
37,FR220013010025,7,1,0.9090909090909091,82,1,0.9213483146067416
38,FR220013010026,7,1,0.9090909090909091,82,1,0.9213483146067416
39,FR220013010027,7,1,0.9090909090909091,82,1,0.9213483146067416
40,FR220013010028,7,1,0.9090909090909091,82,1,0.9213483146067416
41,FR220013010029,7,1,0.9090909090909091,82,1,0.9213483146067416
42,FR220013010030,7,1,0.9090909090909091,82,1,0.9213483146067416
43,FR220013010031,7,1,0.9090909090909091,82,1,0.9213483146067416
44,FR220013010032,7,1,0.9090909090909091,82,1,0.9213483146067416
45,FR220013010033,9,1,0.9090909090909091,80,1,0.898876404494382
46,FR220013010034,11,1,0.9090909090909091,78,1,0.8764044943820225
47,FR220013010035,7,1,0.9090909090909091,82,1,0.9213483146067416
48,FR220013010036,9,1,0.9090909090909091,80,1,0.898876404494382
49,FR220013010037,9,1,0.9090909090909091,80,1,0.898876404494382
50,FR220013010038,7,1,0.9090909090909091,82,1,0.9213483146067416
51,FR220013010039,7,1,0.9090909090909091,82,1,0.9213483146067416
52,FR220013010040,8,1,0.9090909090909091,81,1,0.9101123595505618
53,FR220013010041,10,2,0.8181818181818182,79,1,0.8876404494382022
54,FR220013010042,9,1,0.9090909090909091,80,1,0.898876404494382
55,FR220013010043,7,1,0.9090909090909091,82,1,0.9213483146067416
56,FR220013010044,7,1,0.9090909090909091,82,1,0.9213483146067416
57,FR220013010045,11,1,0.9090909090909091,78,1,0.8764044943820225
58,FR220013010046,7,1,0.9090909090909091,82,1,0.9213483146067416
59,FR220013010047,7,1,0.9090909090909091,82,1,0.9213483146067416
60,FR220013010048,10,1,0.9090909090909091,79,1,0.8876404494382022
61,FR220013010049,7,1,0.9090909090909091,82,1,0.9213483146067416
62,FR220013010050,7,1,0.9090909090909091,82,1,0.9213483146067416
63,FR220013010051,7,1,0.9090909090909091,82,1,0.9213483146067416
64,FR220013010052,8,1,0.9090909090909091,81,1,0.9101123595505618
65,FR220013010053,9,1,0.9090909090909091,80,1,0.898876404494382
66,FR220013010054,8,1,0.9090909090909091,81,1,0.9101123595505618
67,FR220013010055,7,1,0.9090909090909091,82,1,0.9213483146067416
68,FR220013010056,7,1,0.9090909090909091,82,1,0.9213483146067416
69,FR220013010057,10,1,0.9090909090909091,79,1,0.8876404494382022
70,FR220013010058,7,1,0.9090909090909091,82,1,0.9213483146067416
71,FR220013010059,9,1,0.9090909090909091,80,1,0.898876404494382
72,FR220013010060,7,1,0.9090909090909091,82,1,0.9213483146067416
73,FR220013010061,8,1,0.9090909090909091,81,1,0.9101123595505618
74,FR220013010062,9,1,0.9090909090909091,80,1,0.898876404494382
75,FR220013010063,8,1,0.9090909090909091,81,1,0.9101123595505618
76,FR220013010064,8,1,0.9090909090909091,81,1,0.9101123595505618
77,FR220013010065,7,1,0.9090909090909091,82,1,0.9213483146067416
78,FR220013010066,7,1,0.9090909090909091,82,1,0.9213483146067416
79,FR220013010067,8,1,0.9090909090909091,81,1,0.9101123595505618
80,FR220013010068,10,1,0.9090909090909091,79,1,0.8876404494382022
81,FR220013010069,7,1,0.9090909090909091,82,1,0.9213483146067416
82,FR220013010070,7,1,0.9090909090909091,82,1,0.9213483146067416
83,FR220013010071,7,1,0.9090909090909091,82,1,0.9213483146067416
84,FR220013010072,7,1,0.9090909090909091,82,1,0.9213483146067416
85,FR220013010073,8,1,0.9090909090909091,81,1,0.9101123595505618
86,FR220013010074,7,1,0.9090909090909091,82,1,0.9213483146067416
87,FR220013010075,11,1,0.9090909090909091,78,1,0.8764044943820225
88,FR220013010076,8,1,0.9090909090909091,81,1,0.9101123595505618
89,FR220013010077,11,1,0.9090909090909091,78,1,0.8764044943820225
90,FR220013010078,8,1,0.9090909090909091,81,1,0.9101123595505618
91,FR220013010079,9,1,0.9090909090909091,80,1,0.898876404494382
92,FR220013010080,10,1,0.9090909090909091,79,1,0.8876404494382022
93,FR220013010081,8,1,0.9090909090909091,81,1,0.9101123595505618
94,FR220013010082,7,1,0.9090909090909091,82,1,0.9213483146067416
95,FR220013010083,11,1,0.9090909090909091,78,1,0.8764044943820225
96,FR220013010084,11,1,0.9090909090909091,78,1,0.8764044943820225
97,FR220013010085,9,1,0.9090909090909091,80,1,0.898876404494382
98,FR220013010086,9,2,0.8181818181818182,80,1,0.898876404494382
99,FR220013010087,7,1,0.9090909090909091,82,1,0.9213483146067416
100,FR220013010088,7,1,0.9090909090909091,82,1,0.9213483146067416
101,FR220013010089,7,1,0.9090909090909091,82,1,0.9213483146067416
102,FR220013010090,7,1,0.9090909090909091,82,1,0.9213483146067416
103,FR220013010091,7,1,0.9090909090909091,82,1,0.9213483146067416
104,FR220013010092,14,1,0.9090909090909091,75,1,0.8426966292134831
105,FR220013010093,10,1,0.9090909090909091,79,1,0.8876404494382022
106,FR220013010094,7,1,0.9090909090909091,82,1,0.9213483146067416
107,FR220013010095,7,1,0.9090909090909091,82,1,0.9213483146067416
108,FR220013010096,7,1,0.9090909090909091,82,1,0.9213483146067416
109,FR220013010097,7,1,0.9090909090909091,82,1,0.9213483146067416
110,FR220013010098,8,1,0.9090909090909091,81,1,0.9101123595505618
111,FR220013010099,7,1,0.9090909090909091,82,1,0.9213483146067416
112,FR220013010100,11,1,0.9090909090909091,78,1,0.8764044943820225
113,FR220013010101,11,1,0.9090909090909091,78,1,0.8764044943820225
114,FR220013010102,7,1,0.9090909090909091,82,1,0.9213483146067416
115,FR220013010103,9,1,0.9090909090909091,80,1,0.898876404494382
116,FR220013010104,8,2,0.8181818181818182,81,1,0.9101123595505618
117,FR220013010105,11,1,0.9090909090909091,78,1,0.8764044943820225
118,FR220013010106,11,1,0.9090909090909091,78,1,0.8764044943820225
119,FR220013010107,12,2,0.8181818181818182,77,1,0.8651685393258427
120,FR220013010108,9,1,0.9090909090909091,80,1,0.898876404494382
121,FR220013010109,11,1,0.9090909090909091,78,1,0.8764044943820225
122,FR220013010110,14,2,0.9090909090909091,164,2,0.9213483146067416
123,FR220013010111,7,1,0.9090909090909091,82,1,0.9213483146067416
124,FR220013010112,9,1,0.9090909090909091,80,1,0.898876404494382
125,FR220013010113,9,1,0.9090909090909091,80,1,0.898876404494382
126,FR220013010114,7,1,0.9090909090909091,82,1,0.9213483146067416
127,FR220013010115,8,1,0.9090909090909091,81,1,0.9101123595505618
128,FR220013010116,7,1,0.9090909090909091,82,1,0.9213483146067416
129,FR220013010117,8,1,0.9090909090909091,81,1,0.9101123595505618
130,FR220013010118,9,1,0.9090909090909091,80,1,0.898876404494382
131,FR220013010119,9,1,0.9090909090909091,80,1,0.898876404494382
132,FR220013010120,7,1,0.9090909090909091,82,1,0.9213483146067416
133,FR220013010121,7,1,0.9090909090909091,82,1,0.9213483146067416
134,FR220013010122,7,1,0.9090909090909091,82,1,0.9213483146067416
135,FR220013010123,7,1,0.9090909090909091,82,1,0.9213483146067416
136,FR220013010124,7,1,0.9090909090909091,82,1,0.9213483146067416
137,FR220013010125,7,1,0.9090909090909091,82,1,0.9213483146067416
138,FR220013010126,5,1,0.9090909090909091,84,1,0.9438202247191011
139,FR220013010127,7,1,0.9090909090909091,82,1,0.9213483146067416
140,FR220013010128,7,1,0.9090909090909091,82,1,0.9213483146067416
141,FR220013010129,7,1,0.9090909090909091,82,1,0.9213483146067416
142,FR220013010130,7,1,0.9090909090909091,82,1,0.9213483146067416
143,FR220013010131,7,1,0.9090909090909091,82,1,0.9213483146067416
144,FR220013010132,7,1,0.9090909090909091,82,1,0.9213483146067416
145,FR220013010133,9,1,0.9090909090909091,80,1,0.898876404494382
146,FR220013010134,8,1,0.9090909090909091,81,1,0.9101123595505618
147,FR220013010135,9,1,0.9090909090909091,80,1,0.898876404494382
148,FR220013010136,7,1,0.9090909090909091,82,1,0.9213483146067416
149,FR220013010137,8,1,0.9090909090909091,81,1,0.9101123595505618
150,FR220013010138,7,1,0.9090909090909091,82,1,0.9213483146067416
151,FR220013010139,9,1,0.9090909090909091,80,1,0.898876404494382
152,FR220013010140,7,1,0.9090909090909091,82,1,0.9213483146067416
153,FR220013010141,7,1,0.9090909090909091,82,1,0.9213483146067416
154,FR220013010142,7,1,0.9090909090909091,82,1,0.9213483146067416
155,FR220013010143,9,1,0.9090909090909091,80,1,0.898876404494382
156,FR220013010144,8,2,0.8181818181818182,81,1,0.9101123595505618
157,FR220013010145,11,1,0.9090909090909091,78,1,0.8764044943820225
158,FR220013010146,7,1,0.9090909090909091,82,1,0.9213483146067416
159,FR220013010147,9,1,0.9090909090909091,80,1,0.898876404494382
160,FR220013010148,8,1,0.9090909090909091,81,1,0.9101123595505618
161,FR220013010149,8,1,0.9090909090909091,81,1,0.9101123595505618
162,FR220013010150,7,1,0.9090909090909091,82,1,0.9213483146067416
163,FR220013010151,15,2,0.9090909090909091,163,2,0.9157303370786517
164,FR220013010152,7,1,0.9090909090909091,82,1,0.9213483146067416
165,FR220013010153,8,1,0.9090909090909091,81,1,0.9101123595505618
166,FR220013010154,7,1,0.9090909090909091,82,1,0.9213483146067416
167,FR220013010155,7,1,0.9090909090909091,82,1,0.9213483146067416
168,FR220013010156,7,1,0.9090909090909091,82,1,0.9213483146067416
169,FR220013010157,8,1,0.9090909090909091,81,1,0.9101123595505618
170,FR220013010158,7,1,0.9090909090909091,82,1,0.9213483146067416
171,FR220013010159,7,1,0.9090909090909091,82,1,0.9213483146067416
172,FR220013010160,7,1,0.9090909090909091,82,1,0.9213483146067416
173,FR220013010161,7,1,0.9090909090909091,82,1,0.9213483146067416
174,FR220013010162,7,1,0.9090909090909091,82,1,0.9213483146067416
175,FR220013010163,7,1,0.9090909090909091,82,1,0.9213483146067416
176,FR220013010164,7,1,0.9090909090909091,82,1,0.9213483146067416
177,FR220013010165,7,1,0.9090909090909091,82,1,0.9213483146067416
178,FR220013010166,7,1,0.9090909090909091,82,1,0.9213483146067416
179,FR220013010167,7,1,0.9090909090909091,82,1,0.9213483146067416
180,FR220013010168,8,1,0.9090909090909091,81,1,0.9101123595505618
181,FR220013010169,9,1,0.9090909090909091,80,1,0.898876404494382
182,FR220013010170,7,1,0.9090909090909091,82,1,0.9213483146067416
183,FR220013010171,7,1,0.9090909090909091,82,1,0.9213483146067416
184,FR220013010172,7,1,0.9090909090909091,82,1,0.9213483146067416
185,FR220013010173,10,2,0.8181818181818182,79,1,0.8876404494382022
186,FR220013010174,7,1,0.9090909090909091,82,1,0.9213483146067416
187,FR220013010175,8,1,0.9090909090909091,81,1,0.9101123595505618
188,FR220013010176,7,1,0.9090909090909091,82,1,0.9213483146067416
189,FR220013010177,7,1,0.9090909090909091,82,1,0.9213483146067416
190,FR220013010178,7,1,0.9090909090909091,82,1,0.9213483146067416
191,FR220013010179,8,2,0.8181818181818182,81,1,0.9101123595505618
192,FR220013010180,11,1,0.9090909090909091,78,1,0.8764044943820225
193,FR220013010181,11,1,0.9090909090909091,78,1,0.8764044943820225
194,FR220013010182,12,1,0.9090909090909091,77,1,0.8651685393258427
195,FR220013010183,9,1,0.9090909090909091,80,1,0.898876404494382
196,FR220013010184,14,2,0.8181818181818182,75,1,0.8426966292134831
197,FR220013010185,11,1,0.9090909090909091,78,1,0.8764044943820225
198,FR220013010186,11,1,0.9090909090909091,78,1,0.8764044943820225
199,FR220013010187,12,2,0.8181818181818182,77,1,0.8651685393258427
200,FR220013010188,9,2,0.8181818181818182,80,1,0.898876404494382
201,FR220013010189,10,2,0.8181818181818182,79,1,0.8876404494382022
202,FR220013010190,10,1,0.9090909090909091,79,1,0.8876404494382022
203,FR220013010191,9,1,0.9090909090909091,80,1,0.898876404494382
204,FR220013010192,9,1,0.9090909090909091,80,1,0.898876404494382
205,FR220013010193,9,1,0.9090909090909091,80,1,0.898876404494382
206,FR220013010194,7,1,0.9090909090909091,82,1,0.9213483146067416
207,FR220013010195,13,2,0.8181818181818182,76,1,0.8539325842696629
208,FR220013010196,13,1,0.9090909090909091,76,1,0.8539325842696629
209,FR220013010197,15,1,0.9090909090909091,74,1,0.8314606741573034
210,FR220013010198,11,1,0.9090909090909091,78,1,0.8764044943820225
211,FR220013010199,14,2,0.8181818181818182,75,1,0.8426966292134831
212,FR220013010200,9,1,0.9090909090909091,80,1,0.898876404494382
213,FR220013010201,11,1,0.9090909090909091,78,1,0.8764044943820225
214,FR220013010202,11,1,0.9090909090909091,78,1,0.8764044943820225
215,FR220013010203,11,1,0.9090909090909091,78,1,0.8764044943820225
216,FR220013010204,11,1,0.9090909090909091,78,1,0.8764044943820225
217,FR220013010205,11,1,0.9090909090909091,78,1,0.8764044943820225
218,FR220013010206,11,1,0.9090909090909091,78,1,0.8764044943820225
219,FR220013010207,7,1,0.9090909090909091,82,1,0.9213483146067416
220,FR220013010208,11,1,0.9090909090909091,78,1,0.8764044943820225
221,FR220013010209,11,1,0.9090909090909091,78,1,0.8764044943820225
222,FR220013010210,11,1,0.9090909090909091,78,1,0.8764044943820225
223,FR220013010211,7,1,0.9090909090909091,82,1,0.9213483146067416
224,FR220013010212,7,1,0.9090909090909091,82,1,0.9213483146067416
225,FR220013010213,7,1,0.9090909090909091,82,1,0.9213483146067416
226,FR220013010214,7,1,0.9090909090909091,82,1,0.9213483146067416
227,FR220013010215,7,1,0.9090909090909091,82,1,0.9213483146067416
228,FR220013010216,7,1,0.9090909090909091,82,1,0.9213483146067416
229,FR220013010217,7,1,0.9090909090909091,82,1,0.9213483146067416
230,FR220013010218,9,1,0.9090909090909091,80,1,0.898876404494382
231,FR220013010219,9,1,0.9090909090909091,80,1,0.898876404494382
232,FR220013010220,11,1,0.9090909090909091,78,1,0.8764044943820225
233,FR220013010221,11,1,0.9090909090909091,78,1,0.8764044943820225
234,FR220013010222,11,1,0.9090909090909091,78,1,0.8764044943820225
235,FR220013010223,11,1,0.9090909090909091,78,1,0.8764044943820225
236,FR220013010224,10,3,0.7272727272727273,79,1,0.8876404494382022
237,FR220013010225,8,2,0.8181818181818182,81,1,0.9101123595505618
238,FR220013010226,7,1,0.9090909090909091,82,1,0.9213483146067416
239,FR220013010227,11,1,0.9090909090909091,78,1,0.8764044943820225
240,FR220013010228,8,1,0.9090909090909091,81,1,0.9101123595505618
241,FR220013010229,10,1,0.9090909090909091,79,1,0.8876404494382022
242,FR220013010230,9,1,0.9090909090909091,80,1,0.898876404494382
243,FR220013010231,7,1,0.9090909090909091,82,1,0.9213483146067416
244,FR220013010232,7,1,0.9090909090909091,82,1,0.9213483146067416
245,FR220013010233,7,1,0.9090909090909091,82,1,0.9213483146067416
246,FR220013010234,7,1,0.9090909090909091,82,1,0.9213483146067416
247,FR320009010235,18,1,0.9090909090909091,71,1,0.797752808988764
248,FR320009010236,19,2,0.8181818181818182,70,1,0.7865168539325843
249,FR320009010237,69,9,0.7272727272727273,198,3,0.7415730337078652
250,FR320009010238,15,1,0.9090909090909091,74,1,0.8314606741573034
251,FR320009010239,20,2,0.9090909090909091,158,2,0.8876404494382022
252,FR320009010240,20,1,0.9090909090909091,69,1,0.7752808988764045
253,FR220021010005,7,1,0.9090909090909091,82,1,0.9213483146067416
254,FR220021010006,7,1,0.9090909090909091,82,1,0.9213483146067416
255,FR220021010007,8,1,0.9090909090909091,81,1,0.9101123595505618
256,FR220021010008,7,1,0.9090909090909091,82,1,0.9213483146067416
257,FR220021010009,7,1,0.9090909090909091,82,1,0.9213483146067416
258,FR220021010010,7,1,0.9090909090909091,82,1,0.9213483146067416
259,FR220021010011,7,1,0.9090909090909091,82,1,0.9213483146067416
260,FR220021010012,9,1,0.9090909090909091,80,1,0.898876404494382
261,FR220021010013,10,1,0.9090909090909091,79,1,0.8876404494382022
262,FR220021010014,6,2,0.8181818181818182,83,1,0.9325842696629213
263,FR220021010015,8,2,0.8181818181818182,81,1,0.9101123595505618
264,FR220021010016,9,1,0.9090909090909091,80,1,0.898876404494382
265,FR220021010017,9,1,0.9090909090909091,80,1,0.898876404494382
266,FR220021010018,8,2,0.8181818181818182,81,1,0.9101123595505618
267,FR220021010019,6,2,0.8181818181818182,83,1,0.9325842696629213
268,FR220021010020,7,1,0.9090909090909091,82,1,0.9213483146067416
269,FR220021010021,7,1,0.9090909090909091,82,1,0.9213483146067416
270,FR220021010022,9,1,0.9090909090909091,80,1,0.898876404494382
271,FR220021010023,7,3,0.7272727272727273,82,1,0.9213483146067416
272,FR220021010024,7,3,0.7272727272727273,82,1,0.9213483146067416
273,FR220021010025,8,2,0.8181818181818182,81,1,0.9101123595505618
274,FR220021010026,7,1,0.9090909090909091,82,1,0.9213483146067416
275,FR220021010027,7,1,0.9090909090909091,82,1,0.9213483146067416
276,FR220021010028,6,2,0.8181818181818182,83,1,0.9325842696629213
277,FR220021010029,6,2,0.8181818181818182,83,1,0.9325842696629213
278,FR220021010030,6,2,0.8181818181818182,83,1,0.9325842696629213
279,FR220021010031,8,2,0.8181818181818182,81,1,0.9101123595505618
280,FR220021010032,7,1,0.9090909090909091,82,1,0.9213483146067416
281,FR220021010033,8,2,0.8181818181818182,81,1,0.9101123595505618
282,FR220021010034,6,1,0.9090909090909091,83,1,0.9325842696629213
283,FR220021010035,7,1,0.9090909090909091,82,1,0.9213483146067416
284,FR220021010036,6,2,0.8181818181818182,83,1,0.9325842696629213
285,FR220021010037,7,1,0.9090909090909091,82,1,0.9213483146067416
286,FR220021010038,7,1,0.9090909090909091,82,1,0.9213483146067416
287,FR220021010039,7,1,0.9090909090909091,82,1,0.9213483146067416
288,FR220021010040,6,2,0.8181818181818182,83,1,0.9325842696629213
289,FR220021010041,7,1,0.9090909090909091,82,1,0.9213483146067416
290,FR220021010042,7,1,0.9090909090909091,82,1,0.9213483146067416
291,FR220021010043,7,1,0.9090909090909091,82,1,0.9213483146067416
292,FR220021010044,7,1,0.9090909090909091,82,1,0.9213483146067416
293,FR220021010045,7,1,0.9090909090909091,82,1,0.9213483146067416
294,FR220021010046,8,2,0.8181818181818182,81,1,0.9101123595505618
295,FR220021010047,8,1,0.9090909090909091,81,1,0.9101123595505618
296,FR220021010048,7,1,0.9090909090909091,82,1,0.9213483146067416
297,FR220021010049,8,1,0.9090909090909091,81,1,0.9101123595505618
298,FR220021010050,5,1,0.9090909090909091,84,1,0.9438202247191011
299,FR220021010051,8,2,0.8181818181818182,81,1,0.9101123595505618
300,FR220021010052,7,1,0.9090909090909091,82,1,0.9213483146067416
301,FR220021010053,8,2,0.8181818181818182,81,1,0.9101123595505618
302,FR220021010054,7,1,0.9090909090909091,82,1,0.9213483146067416
303,FR220021010055,10,2,0.8181818181818182,79,1,0.8876404494382022
304,FR220021010056,8,2,0.8181818181818182,81,1,0.9101123595505618
305,FR220021010057,10,1,0.9090909090909091,79,1,0.8876404494382022
306,FR220021010058,8,2,0.8181818181818182,81,1,0.9101123595505618
307,FR220021010059,7,1,0.9090909090909091,82,1,0.9213483146067416
308,FR220021010060,7,1,0.9090909090909091,82,1,0.9213483146067416
309,FR220021010061,9,2,0.8181818181818182,80,1,0.898876404494382
310,FR220021010062,7,1,0.9090909090909091,82,1,0.9213483146067416
311,FR220021010063,7,3,0.7272727272727273,82,1,0.9213483146067416
312,FR220021010064,8,2,0.8181818181818182,81,1,0.9101123595505618
313,FR220021010065,10,2,0.8181818181818182,79,1,0.8876404494382022
314,FR220021010066,7,1,0.9090909090909091,82,1,0.9213483146067416
315,FR220021010067,8,1,0.9090909090909091,81,1,0.9101123595505618
316,FR220021010068,7,1,0.9090909090909091,82,1,0.9213483146067416
317,FR220021010069,9,1,0.9090909090909091,80,1,0.898876404494382
318,FR220021010070,8,2,0.8181818181818182,81,1,0.9101123595505618
319,FR220021010071,8,2,0.8181818181818182,81,1,0.9101123595505618
320,FR220021010072,8,2,0.8181818181818182,81,1,0.9101123595505618
321,FR220021010073,8,2,0.8181818181818182,81,1,0.9101123595505618
322,FR220021010074,8,2,0.8181818181818182,81,1,0.9101123595505618
323,FR220021010075,7,1,0.9090909090909091,82,1,0.9213483146067416
324,FR220021010076,7,1,0.9090909090909091,82,1,0.9213483146067416
325,FR220021010077,9,2,0.8181818181818182,80,1,0.898876404494382
326,FR220021010078,7,1,0.9090909090909091,82,1,0.9213483146067416
327,FR220021010079,8,2,0.8181818181818182,81,1,0.9101123595505618
328,FR220021010080,8,1,0.9090909090909091,81,1,0.9101123595505618
329,FR220021010081,8,1,0.9090909090909091,81,1,0.9101123595505618
330,FR220021010082,8,2,0.8181818181818182,81,1,0.9101123595505618
331,FR220021010083,7,1,0.9090909090909091,82,1,0.9213483146067416
332,FR220021010084,7,1,0.9090909090909091,82,1,0.9213483146067416
333,FR220021010085,7,1,0.9090909090909091,82,1,0.9213483146067416
334,FR220021010086,6,1,0.9090909090909091,83,1,0.9325842696629213
335,FR220021010087,8,1,0.9090909090909091,81,1,0.9101123595505618
336,FR220021010088,5,1,0.9090909090909091,84,1,0.9438202247191011
337,FR220021010089,7,1,0.9090909090909091,82,1,0.9213483146067416
338,FR220021010090,7,1,0.9090909090909091,82,1,0.9213483146067416
339,FR220021010091,7,1,0.9090909090909091,82,1,0.9213483146067416
340,FR220021010092,7,1,0.9090909090909091,82,1,0.9213483146067416
341,FR220021010093,7,1,0.9090909090909091,82,1,0.9213483146067416
342,FR220021010094,8,2,0.8181818181818182,81,1,0.9101123595505618
343,FR220021010095,6,2,0.8181818181818182,83,1,0.9325842696629213
344,FR220021010096,7,1,0.9090909090909091,82,1,0.9213483146067416
345,FR220021010097,8,2,0.8181818181818182,81,1,0.9101123595505618
346,FR220021010098,7,1,0.9090909090909091,82,1,0.9213483146067416
347,FR220021010099,8,2,0.8181818181818182,81,1,0.9101123595505618
348,FR220021010100,8,2,0.8181818181818182,81,1,0.9101123595505618
349,FR220021010101,9,1,0.9090909090909091,80,1,0.898876404494382
350,FR220021010102,11,1,0.9090909090909091,78,1,0.8764044943820225
351,FR220021010103,9,2,0.8181818181818182,80,1,0.898876404494382
352,FR220021010104,7,1,0.9090909090909091,82,1,0.9213483146067416
353,FR220021010105,10,2,0.8181818181818182,79,1,0.8876404494382022
354,FR220021010106,9,1,0.9090909090909091,80,1,0.898876404494382
355,FR220021010107,6,2,0.8181818181818182,83,1,0.9325842696629213
356,FR220021010108,5,1,0.9090909090909091,84,1,0.9438202247191011
357,FR220021010109,5,1,0.9090909090909091,84,1,0.9438202247191011
358,FR220021010110,7,1,0.9090909090909091,82,1,0.9213483146067416
359,FR220021010111,7,1,0.9090909090909091,82,1,0.9213483146067416
360,FR220021010112,8,2,0.8181818181818182,81,1,0.9101123595505618
361,FR220021010113,8,2,0.8181818181818182,81,1,0.9101123595505618
362,FR220021010114,8,2,0.8181818181818182,81,1,0.9101123595505618
363,FR220021010115,8,2,0.8181818181818182,81,1,0.9101123595505618
364,FR220021010116,8,2,0.8181818181818182,81,1,0.9101123595505618
365,FR220021010117,7,1,0.9090909090909091,82,1,0.9213483146067416
366,FR220021010118,5,1,0.9090909090909091,84,1,0.9438202247191011
367,FR220021010119,8,2,0.8181818181818182,81,1,0.9101123595505618
368,FR220021010120,7,1,0.9090909090909091,82,1,0.9213483146067416
369,FR220021010121,5,1,0.9090909090909091,84,1,0.9438202247191011
370,FR220021010122,5,1,0.9090909090909091,84,1,0.9438202247191011
371,FR220021010123,7,1,0.9090909090909091,82,1,0.9213483146067416
372,FR220021010124,8,2,0.8181818181818182,81,1,0.9101123595505618
373,FR220021010125,7,1,0.9090909090909091,82,1,0.9213483146067416
374,FR220021010126,7,1,0.9090909090909091,82,1,0.9213483146067416
375,FR220021010127,7,1,0.9090909090909091,82,1,0.9213483146067416
376,FR220021010128,9,1,0.9090909090909091,80,1,0.898876404494382
377,FR220021010129,8,2,0.8181818181818182,81,1,0.9101123595505618
378,FR220021010130,9,1,0.9090909090909091,80,1,0.898876404494382
379,FR220021010131,8,2,0.8181818181818182,81,1,0.9101123595505618
380,FR220021010132,8,2,0.8181818181818182,81,1,0.9101123595505618
381,FR220021010133,8,2,0.8181818181818182,81,1,0.9101123595505618
382,FR220021010134,5,1,0.9090909090909091,84,1,0.9438202247191011
383,FR220021010135,8,2,0.8181818181818182,81,1,0.9101123595505618
384,FR220021010136,9,1,0.9090909090909091,80,1,0.898876404494382
385,FR220021010137,7,1,0.9090909090909091,82,1,0.9213483146067416
386,FR220021010138,8,2,0.8181818181818182,81,1,0.9101123595505618
387,FR220021010139,7,1,0.9090909090909091,82,1,0.9213483146067416
388,FR220021010140,6,2,0.8181818181818182,83,1,0.9325842696629213
389,FR220021010141,5,1,0.9090909090909091,84,1,0.9438202247191011
390,FR220021010142,5,1,0.9090909090909091,84,1,0.9438202247191011
391,FR220021010143,4,1,0.9090909090909091,85,1,0.9550561797752809
392,FR220021010144,8,2,0.8181818181818182,81,1,0.9101123595505618
393,FR220021010145,8,2,0.8181818181818182,81,1,0.9101123595505618
394,FR220021010146,7,1,0.9090909090909091,82,1,0.9213483146067416
395,FR220021010147,7,1,0.9090909090909091,82,1,0.9213483146067416
396,FR220021010148,7,1,0.9090909090909091,82,1,0.9213483146067416
397,FR220021010149,6,2,0.8181818181818182,83,1,0.9325842696629213
398,FR220021010150,7,1,0.9090909090909091,82,1,0.9213483146067416
399,FR220021010151,8,2,0.8181818181818182,81,1,0.9101123595505618
400,FR220021010152,7,1,0.9090909090909091,82,1,0.9213483146067416
401,FR220021010153,5,1,0.9090909090909091,84,1,0.9438202247191011
402,FR220021010154,10,2,0.8181818181818182,79,1,0.8876404494382022
403,FR220021010155,7,1,0.9090909090909091,82,1,0.9213483146067416
404,FR220021010156,7,1,0.9090909090909091,82,1,0.9213483146067416
405,FR220021010157,7,1,0.9090909090909091,82,1,0.9213483146067416
406,FR220021010158,8,2,0.8181818181818182,81,1,0.9101123595505618
407,FR220021010159,7,1,0.9090909090909091,82,1,0.9213483146067416
408,FR220021010160,7,1,0.9090909090909091,82,1,0.9213483146067416
409,FR220021010161,8,1,0.9090909090909091,81,1,0.9101123595505618
410,FR220021010162,6,2,0.8181818181818182,83,1,0.9325842696629213
411,FR220021010163,7,1,0.9090909090909091,82,1,0.9213483146067416
412,FR220021010164,6,2,0.8181818181818182,83,1,0.9325842696629213
413,FR220021010165,5,1,0.9090909090909091,84,1,0.9438202247191011
414,FR220021010166,5,1,0.9090909090909091,84,1,0.9438202247191011
415,FR220021010167,7,1,0.9090909090909091,82,1,0.9213483146067416
416,FR220021010168,8,2,0.8181818181818182,81,1,0.9101123595505618
417,FR220021010169,8,2,0.8181818181818182,81,1,0.9101123595505618
418,FR220021010170,8,2,0.8181818181818182,81,1,0.9101123595505618
419,FR220021010171,7,1,0.9090909090909091,82,1,0.9213483146067416
420,FR220021010172,7,1,0.9090909090909091,82,1,0.9213483146067416
421,FR220021010173,7,1,0.9090909090909091,82,1,0.9213483146067416
422,FR220021010174,8,2,0.8181818181818182,81,1,0.9101123595505618
423,FR220021010175,7,1,0.9090909090909091,82,1,0.9213483146067416
424,FR220021010176,7,1,0.9090909090909091,82,1,0.9213483146067416
425,FR220021010177,7,1,0.9090909090909091,82,1,0.9213483146067416
426,FR220021010178,8,2,0.8181818181818182,81,1,0.9101123595505618
427,FR220021010179,8,2,0.8181818181818182,81,1,0.9101123595505618
428,FR220021010180,8,2,0.8181818181818182,81,1,0.9101123595505618
429,FR220021010181,18,4,0.8181818181818182,160,2,0.898876404494382
430,FR220021010182,7,1,0.9090909090909091,82,1,0.9213483146067416
431,FR220021010183,7,1,0.9090909090909091,82,1,0.9213483146067416
432,FR220021010184,8,2,0.8181818181818182,81,1,0.9101123595505618
433,FR220021010185,7,1,0.9090909090909091,82,1,0.9213483146067416
434,FR220021010186,7,1,0.9090909090909091,82,1,0.9213483146067416
435,FR220021010187,7,1,0.9090909090909091,82,1,0.9213483146067416
436,FR220021010188,7,1,0.9090909090909091,82,1,0.9213483146067416
437,FR220021010189,7,1,0.9090909090909091,82,1,0.9213483146067416
438,FR220021010190,7,1,0.9090909090909091,82,1,0.9213483146067416
439,FR220021010191,7,1,0.9090909090909091,82,1,0.9213483146067416
440,FR220021010192,8,2,0.8181818181818182,81,1,0.9101123595505618
441,FR220021010193,8,1,0.9090909090909091,81,1,0.9101123595505618
442,FR220021010194,8,2,0.8181818181818182,81,1,0.9101123595505618
443,FR220021010195,7,1,0.9090909090909091,82,1,0.9213483146067416
444,FR220021010196,7,1,0.9090909090909091,82,1,0.9213483146067416
445,FR220021010197,7,1,0.9090909090909091,82,1,0.9213483146067416
446,FR220021010198,9,1,0.9090909090909091,80,1,0.898876404494382
447,FR220021010199,8,2,0.8181818181818182,81,1,0.9101123595505618
448,FR220021010200,8,2,0.8181818181818182,81,1,0.9101123595505618
449,FR220021010201,7,1,0.9090909090909091,82,1,0.9213483146067416
450,FR220021010202,7,1,0.9090909090909091,82,1,0.9213483146067416
451,FR220021010203,7,1,0.9090909090909091,82,1,0.9213483146067416
452,FR220021010204,8,2,0.8181818181818182,81,1,0.9101123595505618
453,FR220021010205,7,1,0.9090909090909091,82,1,0.9213483146067416
454,FR220021010206,7,1,0.9090909090909091,82,1,0.9213483146067416
455,FR220021010207,7,1,0.9090909090909091,82,1,0.9213483146067416
456,FR220021010208,9,2,0.8181818181818182,80,1,0.898876404494382
457,FR220021010209,7,1,0.9090909090909091,82,1,0.9213483146067416
458,FR220021010210,7,1,0.9090909090909091,82,1,0.9213483146067416
459,FR220021010211,8,2,0.8181818181818182,81,1,0.9101123595505618
460,FR220021010212,6,2,0.8181818181818182,83,1,0.9325842696629213
461,FR220021010213,7,1,0.9090909090909091,82,1,0.9213483146067416
462,FR220021010214,7,2,0.8181818181818182,82,1,0.9213483146067416
463,FR220021010215,11,2,0.8181818181818182,78,1,0.8764044943820225
464,FR220021010216,9,1,0.9090909090909091,80,1,0.898876404494382
465,FR220021010217,7,1,0.9090909090909091,82,1,0.9213483146067416
466,FR220021010218,8,2,0.8181818181818182,81,1,0.9101123595505618
467,FR220021010219,7,1,0.9090909090909091,82,1,0.9213483146067416
468,FR220021010220,7,1,0.9090909090909091,82,1,0.9213483146067416
469,FR220021010221,8,2,0.8181818181818182,81,1,0.9101123595505618
470,FR220021010222,8,1,0.9090909090909091,81,1,0.9101123595505618
471,FR220021010223,7,1,0.9090909090909091,82,1,0.9213483146067416
472,FR220021010224,8,2,0.8181818181818182,81,1,0.9101123595505618
473,FR220021010225,7,1,0.9090909090909091,82,1,0.9213483146067416
474,FR220021010226,8,2,0.8181818181818182,81,1,0.9101123595505618
475,FR220021010227,8,2,0.8181818181818182,81,1,0.9101123595505618
476,FR220021010228,9,3,0.7272727272727273,80,1,0.898876404494382
477,FR220021010229,7,1,0.9090909090909091,82,1,0.9213483146067416
478,FR220021010230,8,2,0.8181818181818182,81,1,0.9101123595505618
479,FR220021010231,9,3,0.7272727272727273,80,1,0.898876404494382
480,FR220021010232,8,1,0.9090909090909091,81,1,0.9101123595505618
481,FR220021010233,8,2,0.8181818181818182,81,1,0.9101123595505618
482,FR220021010234,8,2,0.8181818181818182,81,1,0.9101123595505618
483,FR220021010235,6,2,0.8181818181818182,83,1,0.9325842696629213
484,FR220021010236,8,2,0.8181818181818182,81,1,0.9101123595505618
485,FR220021010237,8,2,0.8181818181818182,81,1,0.9101123595505618
486,FR220021010238,7,1,0.9090909090909091,82,1,0.9213483146067416
487,FR220021010239,7,1,0.9090909090909091,82,1,0.9213483146067416
488,FR220021010240,8,2,0.8181818181818182,81,1,0.9101123595505618
489,FR220021010241,9,2,0.8181818181818182,80,1,0.898876404494382
490,FR220021010242,9,2,0.8181818181818182,80,1,0.898876404494382
491,FR220021010243,8,2,0.8181818181818182,81,1,0.9101123595505618
492,FR220021010244,8,2,0.8181818181818182,81,1,0.9101123595505618
493,FR220021010245,7,1,0.9090909090909091,82,1,0.9213483146067416
494,FR220021010246,7,1,0.9090909090909091,82,1,0.9213483146067416
495,FR220021010247,7,1,0.9090909090909091,82,1,0.9213483146067416
496,FR220021010248,8,1,0.9090909090909091,81,1,0.9101123595505618
497,FR220021010249,7,1,0.9090909090909091,82,1,0.9213483146067416
498,FR220021010250,11,2,0.8181818181818182,78,1,0.8764044943820225
499,FR220021010251,16,4,0.8181818181818182,162,2,0.9101123595505618
500,FR220021010252,7,1,0.9090909090909091,82,1,0.9213483146067416
501,FR220021010253,8,1,0.9090909090909091,81,1,0.9101123595505618
502,FR220021010254,7,1,0.9090909090909091,82,1,0.9213483146067416
503,FR220021010255,8,2,0.8181818181818182,81,1,0.9101123595505618
504,FR220021010256,8,2,0.8181818181818182,81,1,0.9101123595505618
505,FR220021010257,7,1,0.9090909090909091,82,1,0.9213483146067416
506,FR220021010258,8,2,0.8181818181818182,81,1,0.9101123595505618
507,FR220021010259,8,2,0.8181818181818182,81,1,0.9101123595505618
508,FR220021010260,7,1,0.9090909090909091,82,1,0.9213483146067416
509,FR220021010261,7,1,0.9090909090909091,82,1,0.9213483146067416
510,FR320021010000,7,2,0.8181818181818182,82,1,0.9213483146067416
511,FR320021010001,8,2,0.8181818181818182,81,1,0.9101123595505618
512,FR320021010002,7,1,0.9090909090909091,82,1,0.9213483146067416
513,FR320021010003,8,2,0.8181818181818182,81,1,0.9101123595505618
514,FR320021010004,9,3,0.7272727272727273,80,1,0.898876404494382
515,FR320021010005,7,1,0.9090909090909091,82,1,0.9213483146067416
516,FR320021010006,7,1,0.9090909090909091,82,1,0.9213483146067416
517,FR320021010007,8,2,0.8181818181818182,81,1,0.9101123595505618
518,FR320021010008,8,2,0.8181818181818182,81,1,0.9101123595505618
519,FR320021010009,8,2,0.8181818181818182,81,1,0.9101123595505618
520,FR320021010010,8,2,0.8181818181818182,81,1,0.9101123595505618
521,FR320021010011,7,1,0.9090909090909091,82,1,0.9213483146067416
522,FR320021010012,16,3,0.8636363636363636,162,2,0.9101123595505618
523,FR320021010013,8,1,0.9090909090909091,81,1,0.9101123595505618
524,FR320021010014,5,1,0.9090909090909091,84,1,0.9438202247191011
525,FR320021010015,7,1,0.9090909090909091,82,1,0.9213483146067416
526,FR320021010016,7,1,0.9090909090909091,82,1,0.9213483146067416
527,FR320021010017,8,2,0.8181818181818182,81,1,0.9101123595505618
528,FR320021010018,5,1,0.9090909090909091,84,1,0.9438202247191011
529,FR320021010019,7,1,0.9090909090909091,82,1,0.9213483146067416
530,FR320021010020,6,2,0.8181818181818182,83,1,0.9325842696629213
531,FR320021010021,6,2,0.8181818181818182,83,1,0.9325842696629213
532,FR320021010022,7,1,0.9090909090909091,82,1,0.9213483146067416
533,FR320021010023,8,2,0.8181818181818182,81,1,0.9101123595505618
534,FR320021010024,6,2,0.8181818181818182,83,1,0.9325842696629213
535,FR320021010025,5,1,0.9090909090909091,84,1,0.9438202247191011
536,FR320021010026,11,3,0.7272727272727273,78,1,0.8764044943820225
537,FR320021010027,8,2,0.8181818181818182,81,1,0.9101123595505618
538,FR320021010028,7,1,0.9090909090909091,82,1,0.9213483146067416
539,FR320021010029,7,2,0.8181818181818182,82,1,0.9213483146067416
540,FR320021010030,6,2,0.8181818181818182,83,1,0.9325842696629213
541,FR320021010031,6,2,0.8181818181818182,83,1,0.9325842696629213
542,FR320021010032,8,2,0.8181818181818182,81,1,0.9101123595505618
543,FR320021010033,8,2,0.8181818181818182,81,1,0.9101123595505618
544,FR320021010034,7,3,0.7272727272727273,82,1,0.9213483146067416
545,FR320021010035,6,2,0.8181818181818182,83,1,0.9325842696629213
546,FR320021010036,8,2,0.8181818181818182,81,1,0.9101123595505618
547,FR320021010037,5,1,0.9090909090909091,84,1,0.9438202247191011
548,FR320021010038,8,3,0.7272727272727273,81,1,0.9101123595505618
549,FR320021010039,7,1,0.9090909090909091,82,1,0.9213483146067416
550,FR320021010040,8,3,0.7272727272727273,81,1,0.9101123595505618
551,FR320021010041,7,3,0.7272727272727273,82,1,0.9213483146067416
552,FR320021010042,6,2,0.8181818181818182,83,1,0.9325842696629213
553,FR320021010043,7,1,0.9090909090909091,82,1,0.9213483146067416
554,FR320021010044,8,2,0.8181818181818182,81,1,0.9101123595505618
555,FR320021010045,7,1,0.9090909090909091,82,1,0.9213483146067416
556,FR320021010046,27,6,0.8181818181818182,240,3,0.898876404494382
557,FR320021010047,8,1,0.9090909090909091,81,1,0.9101123595505618
558,FR320021010048,7,1,0.9090909090909091,82,1,0.9213483146067416
559,FR320021010049,9,2,0.8181818181818182,80,1,0.898876404494382
560,FR320021010050,8,2,0.8181818181818182,81,1,0.9101123595505618
561,FR320021010051,8,2,0.8181818181818182,81,1,0.9101123595505618
562,FR320021010052,8,1,0.9090909090909091,81,1,0.9101123595505618
563,FR320021010053,7,1,0.9090909090909091,82,1,0.9213483146067416
564,FR320021010054,7,1,0.9090909090909091,82,1,0.9213483146067416
565,FR320021010055,7,1,0.9090909090909091,82,1,0.9213483146067416
566,FR320021010056,7,1,0.9090909090909091,82,1,0.9213483146067416
567,FR320021010057,7,1,0.9090909090909091,82,1,0.9213483146067416
568,FR320021010058,8,2,0.8181818181818182,81,1,0.9101123595505618
569,FR320021010059,7,1,0.9090909090909091,82,1,0.9213483146067416
570,FR320021010060,8,2,0.8181818181818182,81,1,0.9101123595505618
571,FR320021010061,5,1,0.9090909090909091,84,1,0.9438202247191011
572,FR320021010062,7,1,0.9090909090909091,82,1,0.9213483146067416
573,FR320021010063,7,1,0.9090909090909091,82,1,0.9213483146067416
574,FR320021010064,7,1,0.9090909090909091,82,1,0.9213483146067416
575,FR320021010065,7,1,0.9090909090909091,82,1,0.9213483146067416
576,FR320021010066,7,1,0.9090909090909091,82,1,0.9213483146067416
577,FR320021010067,6,1,0.9090909090909091,83,1,0.9325842696629213
578,FR320021010068,7,1,0.9090909090909091,82,1,0.9213483146067416
579,FR320021010069,8,2,0.8181818181818182,81,1,0.9101123595505618
580,FR320021010070,6,2,0.8181818181818182,83,1,0.9325842696629213
581,FR320021010071,7,1,0.9090909090909091,82,1,0.9213483146067416
582,FR320021010072,7,1,0.9090909090909091,82,1,0.9213483146067416
583,FR320021010073,8,2,0.8181818181818182,81,1,0.9101123595505618
584,FR320021010074,8,2,0.8181818181818182,81,1,0.9101123595505618
585,FR320021010075,7,1,0.9090909090909091,82,1,0.9213483146067416
586,FR320021010076,7,1,0.9090909090909091,82,1,0.9213483146067416
587,FR320021010077,7,1,0.9090909090909091,82,1,0.9213483146067416
588,FR320021010078,7,1,0.9090909090909091,82,1,0.9213483146067416
589,FR320021010079,5,1,0.9090909090909091,84,1,0.9438202247191011
590,FR320021010080,5,1,0.9090909090909091,84,1,0.9438202247191011
591,FR320021010081,8,3,0.7272727272727273,81,1,0.9101123595505618
592,FR320021010082,6,2,0.8181818181818182,83,1,0.9325842696629213
593,FR320021010083,8,2,0.8181818181818182,81,1,0.9101123595505618
594,FR320021010084,7,1,0.9090909090909091,82,1,0.9213483146067416
595,FR320021010085,8,2,0.8181818181818182,81,1,0.9101123595505618
596,FR320021010086,7,1,0.9090909090909091,82,1,0.9213483146067416
597,FR320021010087,24,6,0.8181818181818182,243,3,0.9101123595505618
598,FR320021010088,7,2,0.8181818181818182,82,1,0.9213483146067416
599,FR320021010089,7,1,0.9090909090909091,82,1,0.9213483146067416
600,FR320021010090,5,1,0.9090909090909091,84,1,0.9438202247191011
601,FR320021010091,8,2,0.8181818181818182,81,1,0.9101123595505618
602,FR320021010092,6,2,0.8181818181818182,83,1,0.9325842696629213
603,FR320021010093,6,2,0.8181818181818182,83,1,0.9325842696629213
604,FR320021010094,8,2,0.8181818181818182,81,1,0.9101123595505618
605,FR320021010095,6,2,0.8181818181818182,83,1,0.9325842696629213
606,FR320021010096,6,2,0.8181818181818182,83,1,0.9325842696629213
607,FR320021010097,6,2,0.8181818181818182,83,1,0.9325842696629213
608,FR320021010098,7,1,0.9090909090909091,82,1,0.9213483146067416
609,FR320021010099,13,2,0.9090909090909091,165,2,0.9269662921348315
610,FR320021010100,6,2,0.8181818181818182,83,1,0.9325842696629213
611,FR320021010101,8,2,0.8181818181818182,81,1,0.9101123595505618
612,FR320021010102,8,2,0.8181818181818182,81,1,0.9101123595505618
613,FR320021010103,6,1,0.9090909090909091,83,1,0.9325842696629213
614,FR320021010104,5,1,0.9090909090909091,84,1,0.9438202247191011
615,FR320021010105,7,1,0.9090909090909091,82,1,0.9213483146067416
616,FR320021010106,6,2,0.8181818181818182,83,1,0.9325842696629213
617,FR320021010107,6,2,0.8181818181818182,83,1,0.9325842696629213
618,FR320021010108,7,1,0.9090909090909091,82,1,0.9213483146067416
619,FR320021010109,7,1,0.9090909090909091,82,1,0.9213483146067416
620,FR320021010110,7,1,0.9090909090909091,82,1,0.9213483146067416
621,FR320021010111,8,2,0.8181818181818182,81,1,0.9101123595505618
622,FR320021010112,6,2,0.8181818181818182,83,1,0.9325842696629213
623,FR320021010113,8,2,0.8181818181818182,81,1,0.9101123595505618
624,FR320021010114,6,2,0.8181818181818182,83,1,0.9325842696629213
625,FR320021010115,7,2,0.8181818181818182,82,1,0.9213483146067416
626,FR320021010116,7,1,0.9090909090909091,82,1,0.9213483146067416
627,FR320021010117,6,2,0.8181818181818182,83,1,0.9325842696629213
628,FR320021010118,6,2,0.8181818181818182,83,1,0.9325842696629213
629,FR320021010119,5,1,0.9090909090909091,84,1,0.9438202247191011
630,FR320021010120,7,2,0.8181818181818182,82,1,0.9213483146067416
631,FR320021010121,5,1,0.9090909090909091,84,1,0.9438202247191011
632,FR320021010122,8,2,0.8181818181818182,81,1,0.9101123595505618
633,FR320021010123,7,1,0.9090909090909091,82,1,0.9213483146067416
634,FR320021010124,8,2,0.8181818181818182,81,1,0.9101123595505618
635,FR320021010125,7,1,0.9090909090909091,82,1,0.9213483146067416
636,FR320021010126,8,2,0.8181818181818182,81,1,0.9101123595505618
637,FR320021010127,7,1,0.9090909090909091,82,1,0.9213483146067416
638,FR320021010128,8,1,0.9090909090909091,81,1,0.9101123595505618
639,FR320021010129,9,1,0.9090909090909091,80,1,0.898876404494382
640,FR320021010130,7,1,0.9090909090909091,82,1,0.9213483146067416
641,FR320021010131,7,1,0.9090909090909091,82,1,0.9213483146067416
642,FR320021010132,7,1,0.9090909090909091,82,1,0.9213483146067416
643,FR320021010133,6,2,0.8181818181818182,83,1,0.9325842696629213
644,FR320021010134,8,2,0.8181818181818182,81,1,0.9101123595505618
645,FR320021010135,8,2,0.8181818181818182,81,1,0.9101123595505618
646,FR320021010136,9,3,0.7272727272727273,80,1,0.898876404494382
647,FR320021010137,6,2,0.8181818181818182,83,1,0.9325842696629213
648,FR320021010138,8,2,0.8181818181818182,81,1,0.9101123595505618
649,FR320021010139,6,2,0.8181818181818182,83,1,0.9325842696629213
650,FR320021010140,8,2,0.8181818181818182,81,1,0.9101123595505618
651,FR320021010141,7,2,0.8181818181818182,82,1,0.9213483146067416
652,FR320021010142,8,2,0.8181818181818182,81,1,0.9101123595505618
653,FR320021010143,6,2,0.8181818181818182,83,1,0.9325842696629213
654,FR320021010144,7,2,0.8181818181818182,82,1,0.9213483146067416
655,FR320021010145,8,2,0.8181818181818182,81,1,0.9101123595505618
656,FR320021010146,6,2,0.8181818181818182,83,1,0.9325842696629213
657,FR320021010147,7,2,0.8181818181818182,82,1,0.9213483146067416
658,FR320021010148,6,2,0.8181818181818182,83,1,0.9325842696629213
659,FR320021010149,8,2,0.8181818181818182,81,1,0.9101123595505618
660,FR320021010150,6,2,0.8181818181818182,83,1,0.9325842696629213
661,FR320021010151,7,1,0.9090909090909091,82,1,0.9213483146067416
662,FR320021010152,7,2,0.8181818181818182,82,1,0.9213483146067416
663,FR320021010153,7,1,0.9090909090909091,82,1,0.9213483146067416
664,FR320021010154,6,2,0.8181818181818182,83,1,0.9325842696629213
665,FR320021010155,8,2,0.8181818181818182,81,1,0.9101123595505618
666,FR320021010156,8,2,0.8181818181818182,81,1,0.9101123595505618
667,FR320021010157,8,2,0.8181818181818182,81,1,0.9101123595505618
668,FR320021010158,7,1,0.9090909090909091,82,1,0.9213483146067416
669,FR320021010159,8,2,0.8181818181818182,81,1,0.9101123595505618
670,FR320021010160,7,1,0.9090909090909091,82,1,0.9213483146067416
671,FR320021010161,9,1,0.9090909090909091,80,1,0.898876404494382
672,FR320021010162,8,2,0.8181818181818182,81,1,0.9101123595505618
673,FR320021010163,8,2,0.8181818181818182,81,1,0.9101123595505618
674,FR320021010164,6,2,0.8181818181818182,83,1,0.9325842696629213
675,FR320021010165,6,2,0.8181818181818182,83,1,0.9325842696629213
676,FR320021010166,6,2,0.8181818181818182,83,1,0.9325842696629213
677,FR320021010167,7,1,0.9090909090909091,82,1,0.9213483146067416
678,FR320021010168,8,2,0.8181818181818182,81,1,0.9101123595505618
679,FR320021010169,7,1,0.9090909090909091,82,1,0.9213483146067416
680,FR320021010170,6,2,0.8181818181818182,83,1,0.9325842696629213
681,FR320021010171,6,2,0.8181818181818182,83,1,0.9325842696629213
682,FR320021010172,7,1,0.9090909090909091,82,1,0.9213483146067416
683,FR320021010173,7,1,0.9090909090909091,82,1,0.9213483146067416
684,FR320021010174,7,1,0.9090909090909091,82,1,0.9213483146067416
685,FR320021010175,7,2,0.8181818181818182,82,1,0.9213483146067416
686,FR320021010176,7,3,0.7272727272727273,82,1,0.9213483146067416
687,FR320021010177,8,2,0.8181818181818182,81,1,0.9101123595505618
688,FR320021010178,8,2,0.8181818181818182,81,1,0.9101123595505618
689,FR320021010179,8,2,0.8181818181818182,81,1,0.9101123595505618
690,FR320021010180,6,2,0.8181818181818182,83,1,0.9325842696629213
691,FR320021010181,9,2,0.8181818181818182,80,1,0.898876404494382
692,FR320021010182,6,2,0.8181818181818182,83,1,0.9325842696629213
693,FR320021010183,7,1,0.9090909090909091,82,1,0.9213483146067416
694,FR320021010184,8,2,0.8181818181818182,81,1,0.9101123595505618
695,FR320021010185,7,1,0.9090909090909091,82,1,0.9213483146067416
696,FR320021010186,7,2,0.8181818181818182,82,1,0.9213483146067416
697,FR320021010187,7,2,0.8181818181818182,82,1,0.9213483146067416
698,FR320021010188,8,2,0.8181818181818182,81,1,0.9101123595505618
699,FR320021010189,8,2,0.8181818181818182,81,1,0.9101123595505618
700,FR320021010190,6,2,0.8181818181818182,83,1,0.9325842696629213
701,FR320021010191,8,2,0.8181818181818182,81,1,0.9101123595505618
702,FR320021010192,8,2,0.8181818181818182,81,1,0.9101123595505618
703,FR320021010193,7,1,0.9090909090909091,82,1,0.9213483146067416
704,FR320021010194,7,1,0.9090909090909091,82,1,0.9213483146067416
705,FR320021010195,7,2,0.8181818181818182,82,1,0.9213483146067416
706,FR320021010196,6,2,0.8181818181818182,83,1,0.9325842696629213
707,FR320021010197,6,2,0.8181818181818182,83,1,0.9325842696629213
708,FR320021010198,7,2,0.8181818181818182,82,1,0.9213483146067416
709,FR320021010199,7,1,0.9090909090909091,82,1,0.9213483146067416
710,FR320021010200,9,3,0.7272727272727273,80,1,0.898876404494382
711,FR320021010201,7,1,0.9090909090909091,82,1,0.9213483146067416
712,FR320021010202,8,2,0.8181818181818182,81,1,0.9101123595505618
713,FR320021010203,8,1,0.9090909090909091,81,1,0.9101123595505618
714,FR320021010204,7,1,0.9090909090909091,82,1,0.9213483146067416
715,FR320021010205,8,2,0.8181818181818182,81,1,0.9101123595505618
716,FR320021010206,8,2,0.8181818181818182,81,1,0.9101123595505618
717,FR320021010207,8,2,0.8181818181818182,81,1,0.9101123595505618
718,FR320021010208,8,2,0.8181818181818182,81,1,0.9101123595505618
719,FR320021010209,8,2,0.8181818181818182,81,1,0.9101123595505618
720,FR320021010210,8,2,0.8181818181818182,81,1,0.9101123595505618
721,FR320021010211,7,3,0.7272727272727273,82,1,0.9213483146067416
722,FR320021010212,8,2,0.8181818181818182,81,1,0.9101123595505618
723,FR320021010213,8,2,0.8181818181818182,81,1,0.9101123595505618
724,FR320021010214,8,2,0.8181818181818182,81,1,0.9101123595505618
725,FR320021010215,8,2,0.8181818181818182,81,1,0.9101123595505618
726,FR320021010216,8,2,0.8181818181818182,81,1,0.9101123595505618
727,FR320021010217,6,2,0.8181818181818182,83,1,0.9325842696629213
728,FR320021010218,8,2,0.8181818181818182,81,1,0.9101123595505618
729,FR320021010219,6,2,0.8181818181818182,83,1,0.9325842696629213
730,FR320021010220,6,2,0.8181818181818182,83,1,0.9325842696629213
731,FR320021010221,6,2,0.8181818181818182,83,1,0.9325842696629213
732,FR320021010222,6,2,0.8181818181818182,83,1,0.9325842696629213
733,FR320021010223,8,2,0.8181818181818182,81,1,0.9101123595505618
734,FR320021010224,8,2,0.8181818181818182,81,1,0.9101123595505618
735,FR320021010225,7,1,0.9090909090909091,82,1,0.9213483146067416
736,FR320021010226,7,2,0.8181818181818182,82,1,0.9213483146067416
737,FR320021010227,8,2,0.8181818181818182,81,1,0.9101123595505618
738,FR320021010228,6,2,0.8181818181818182,83,1,0.9325842696629213
739,FR320021010229,8,2,0.8181818181818182,81,1,0.9101123595505618
740,FR320021010230,6,2,0.8181818181818182,83,1,0.9325842696629213
741,FR320021010231,7,1,0.9090909090909091,82,1,0.9213483146067416
742,FR320021010232,8,2,0.8181818181818182,81,1,0.9101123595505618
743,FR320021010233,8,2,0.8181818181818182,81,1,0.9101123595505618
744,FR320021010234,8,2,0.8181818181818182,81,1,0.9101123595505618
745,FR320021010235,7,1,0.9090909090909091,82,1,0.9213483146067416
746,FR320021010236,8,2,0.8181818181818182,81,1,0.9101123595505618
747,FR320021010237,8,2,0.8181818181818182,81,1,0.9101123595505618
748,FR320021010238,8,2,0.8181818181818182,81,1,0.9101123595505618
749,FR320021010239,8,2,0.8181818181818182,81,1,0.9101123595505618
750,FR320021010240,8,2,0.8181818181818182,81,1,0.9101123595505618
751,FR320021010241,7,1,0.9090909090909091,82,1,0.9213483146067416
752,FR320021010242,8,2,0.8181818181818182,81,1,0.9101123595505618
753,FR120022010000,9,1,0.9090909090909091,80,1,0.898876404494382
754,FR220022010000,9,1,0.9090909090909091,80,1,0.898876404494382
755,FR220022010001,7,1,0.9090909090909091,82,1,0.9213483146067416
756,FR220022010002,7,1,0.9090909090909091,82,1,0.9213483146067416
757,FR220022010003,9,3,0.7272727272727273,80,1,0.898876404494382
758,FR220022010004,7,1,0.9090909090909091,82,1,0.9213483146067416
759,FR220022010005,6,2,0.8181818181818182,83,1,0.9325842696629213
760,FR220022010006,8,2,0.8181818181818182,81,1,0.9101123595505618
761,FR220022010007,8,2,0.8181818181818182,81,1,0.9101123595505618
762,FR220022010008,8,2,0.8181818181818182,81,1,0.9101123595505618
763,FR220022010009,8,2,0.8181818181818182,81,1,0.9101123595505618
764,FR220022010010,7,1,0.9090909090909091,82,1,0.9213483146067416
765,FR220022010011,8,2,0.8181818181818182,81,1,0.9101123595505618
766,FR220022010012,7,1,0.9090909090909091,82,1,0.9213483146067416
767,FR220022010013,8,2,0.8181818181818182,81,1,0.9101123595505618
768,FR220022010014,8,2,0.8181818181818182,81,1,0.9101123595505618
769,FR220022010015,7,1,0.9090909090909091,82,1,0.9213483146067416
770,FR220022010016,6,2,0.8181818181818182,83,1,0.9325842696629213
771,FR220022010017,7,1,0.9090909090909091,82,1,0.9213483146067416
772,FR220022010018,7,1,0.9090909090909091,82,1,0.9213483146067416
773,FR220022010019,7,1,0.9090909090909091,82,1,0.9213483146067416
774,FR220022010020,7,2,0.8181818181818182,83,1,0.9222222222222223
775,FR220022010021,5,1,0.9090909090909091,84,1,0.9438202247191011
776,FR220022010022,7,1,0.9090909090909091,82,1,0.9213483146067416
777,FR220022010023,7,1,0.9090909090909091,82,1,0.9213483146067416
778,FR220022010024,7,1,0.9090909090909091,82,1,0.9213483146067416
779,FR220022010025,7,1,0.9090909090909091,82,1,0.9213483146067416
780,FR220022010026,7,1,0.9090909090909091,82,1,0.9213483146067416
781,FR220022010027,6,2,0.8181818181818182,83,1,0.9325842696629213
782,FR220022010028,7,1,0.9090909090909091,82,1,0.9213483146067416
783,FR220022010029,7,1,0.9090909090909091,82,1,0.9213483146067416
784,FR220022010030,7,1,0.9090909090909091,82,1,0.9213483146067416
785,FR220022010031,7,1,0.9090909090909091,82,1,0.9213483146067416
786,FR220022010032,7,1,0.9090909090909091,82,1,0.9213483146067416
787,FR220022010033,8,2,0.8181818181818182,81,1,0.9101123595505618
788,FR220022010034,8,1,0.9090909090909091,81,1,0.9101123595505618
789,FR220022010035,8,2,0.8181818181818182,81,1,0.9101123595505618
790,FR220022010036,8,2,0.8181818181818182,81,1,0.9101123595505618
791,FR220022010037,8,2,0.8181818181818182,81,1,0.9101123595505618
792,FR220022010038,7,1,0.9090909090909091,82,1,0.9213483146067416
793,FR220022010039,8,2,0.8181818181818182,81,1,0.9101123595505618
794,FR320021010243,10,2,0.8181818181818182,79,1,0.8876404494382022
795,FR320021010244,5,1,0.9090909090909091,84,1,0.9438202247191011
796,FR320021010245,7,3,0.7272727272727273,82,1,0.9213483146067416
797,FR320021010246,8,2,0.8181818181818182,81,1,0.9101123595505618
798,FR320021010247,6,2,0.8181818181818182,83,1,0.9325842696629213
799,FR320021010248,7,1,0.9090909090909091,82,1,0.9213483146067416
800,FR320021010249,8,2,0.8181818181818182,81,1,0.9101123595505618
801,FR320021010250,8,1,0.9090909090909091,81,1,0.9101123595505618
802,FR320021010251,7,1,0.9090909090909091,82,1,0.9213483146067416
803,FR320021010252,9,1,0.9090909090909091,80,1,0.898876404494382
804,FR320021010253,7,1,0.9090909090909091,82,1,0.9213483146067416
805,FR320021010254,9,1,0.9090909090909091,80,1,0.898876404494382
806,FR120027030000,10,2,0.8181818181818182,79,1,0.8876404494382022
807,FR120027030001,9,2,0.8181818181818182,80,1,0.898876404494382
808,FR120027030002,8,2,0.8181818181818182,81,1,0.9101123595505618
809,FR220024030000,10,2,0.8181818181818182,79,1,0.8876404494382022
810,FR220026030000,9,1,0.9090909090909091,80,1,0.898876404494382
811,FR220026030001,6,2,0.8181818181818182,83,1,0.9325842696629213
812,FR220026030002,9,2,0.8181818181818182,80,1,0.898876404494382
813,FR220027030000,8,2,0.8181818181818182,81,1,0.9101123595505618
814,FR220027030001,8,2,0.8181818181818182,81,1,0.9101123595505618
815,FR220027030002,8,1,0.9090909090909091,81,1,0.9101123595505618
816,FR220027030003,4,1,0.9090909090909091,85,1,0.9550561797752809
817,FR220027030004,8,1,0.9090909090909091,81,1,0.9101123595505618
818,FR220027030005,6,1,0.9090909090909091,83,1,0.9325842696629213
819,FR220027030006,6,1,0.9090909090909091,83,1,0.9325842696629213
820,FR220027030007,6,2,0.8181818181818182,83,1,0.9325842696629213
821,FR220027030008,8,2,0.8181818181818182,81,1,0.9101123595505618
822,FR220027030009,9,2,0.8181818181818182,80,1,0.898876404494382
823,FR220027030010,6,1,0.9090909090909091,83,1,0.9325842696629213
824,FR220027030011,6,1,0.9090909090909091,83,1,0.9325842696629213
825,FR220027030012,9,1,0.9090909090909091,80,1,0.898876404494382
826,FR220027030013,9,2,0.8181818181818182,80,1,0.898876404494382
827,FR220027030014,8,2,0.8181818181818182,81,1,0.9101123595505618
828,FR220027030015,10,2,0.8181818181818182,79,1,0.8876404494382022
829,FR220027030016,9,1,0.9090909090909091,80,1,0.898876404494382
830,FR220027030017,8,2,0.8181818181818182,81,1,0.9101123595505618
831,FR220027030018,9,1,0.9090909090909091,80,1,0.898876404494382
832,FR220027030019,10,2,0.8181818181818182,79,1,0.8876404494382022
833,FR220027030020,10,2,0.8181818181818182,79,1,0.8876404494382022
834,FR220027030021,8,1,0.9090909090909091,81,1,0.9101123595505618
835,FR220027030022,8,1,0.9090909090909091,81,1,0.9101123595505618
836,FR220027030023,9,2,0.8181818181818182,80,1,0.898876404494382
837,FR220027030024,7,1,0.9090909090909091,82,1,0.9213483146067416
838,FR220027030025,8,2,0.8181818181818182,81,1,0.9101123595505618
839,FR220027030026,10,2,0.8181818181818182,79,1,0.8876404494382022
840,FR220027030027,8,2,0.8181818181818182,81,1,0.9101123595505618
841,FR220027030028,9,2,0.8181818181818182,80,1,0.898876404494382
842,FR220027030029,8,2,0.8181818181818182,81,1,0.9101123595505618
843,FR220027030030,9,2,0.8181818181818182,80,1,0.898876404494382
844,FR220027030031,8,2,0.8181818181818182,81,1,0.9101123595505618
845,FR220027030032,6,2,0.8181818181818182,83,1,0.9325842696629213
846,FR320023030216,7,1,0.9090909090909091,82,1,0.9213483146067416
847,FR320023030217,9,2,0.8181818181818182,80,1,0.898876404494382
848,FR320023030265,7,1,0.9090909090909091,82,1,0.9213483146067416
849,FR320023030267,6,1,0.9090909090909091,83,1,0.9325842696629213
850,FR320023030269,4,1,0.9090909090909091,85,1,0.9550561797752809
851,FR320023030271,6,1,0.9090909090909091,83,1,0.9325842696629213
852,FR320023030275,6,1,0.9090909090909091,83,1,0.9325842696629213
853,FR320023030276,8,2,0.8181818181818182,81,1,0.9101123595505618
854,FR320023030277,7,1,0.9090909090909091,82,1,0.9213483146067416
855,FR320023030278,6,1,0.9090909090909091,83,1,0.9325842696629213
856,FR320023030279,6,1,0.9090909090909091,83,1,0.9325842696629213
857,FR320023030280,7,1,0.9090909090909091,82,1,0.9213483146067416
858,FR320023030281,6,2,0.8181818181818182,83,1,0.9325842696629213
859,FR120028010000,11,1,0.9090909090909091,78,1,0.8764044943820225
860,FR120028010001,7,1,0.9090909090909091,82,1,0.9213483146067416
861,FR120028010002,8,1,0.9090909090909091,81,1,0.9101123595505618
862,FR120028010003,7,1,0.9090909090909091,82,1,0.9213483146067416
863,FR120028010004,7,1,0.9090909090909091,82,1,0.9213483146067416
864,FR220028010000,8,1,0.9090909090909091,81,1,0.9101123595505618
865,FR220028010001,7,1,0.9090909090909091,82,1,0.9213483146067416
866,FR220028010002,7,1,0.9090909090909091,82,1,0.9213483146067416
867,FR220028010003,7,1,0.9090909090909091,82,1,0.9213483146067416
868,FR220028010004,9,1,0.9090909090909091,80,1,0.898876404494382
869,FR220028010005,7,1,0.9090909090909091,82,1,0.9213483146067416
870,FR220028010006,7,1,0.9090909090909091,82,1,0.9213483146067416
871,FR220028010007,4,1,0.9090909090909091,85,1,0.9550561797752809
872,FR220028010008,9,1,0.9090909090909091,80,1,0.898876404494382
873,FR220028010009,7,1,0.9090909090909091,82,1,0.9213483146067416
874,FR220028010010,7,1,0.9090909090909091,82,1,0.9213483146067416
875,FR220028010011,7,1,0.9090909090909091,82,1,0.9213483146067416
876,FR220028010012,7,1,0.9090909090909091,82,1,0.9213483146067416
877,FR220028010013,7,1,0.9090909090909091,82,1,0.9213483146067416
878,FR220028010014,5,1,0.9090909090909091,84,1,0.9438202247191011
879,FR220028010015,8,1,0.9090909090909091,81,1,0.9101123595505618
880,FR220028010016,7,1,0.9090909090909091,82,1,0.9213483146067416
881,FR220028010017,9,1,0.9090909090909091,80,1,0.898876404494382
882,FR220028010018,7,1,0.9090909090909091,82,1,0.9213483146067416
883,FR220028010019,8,1,0.9090909090909091,81,1,0.9101123595505618
884,FR220028010020,8,1,0.9090909090909091,81,1,0.9101123595505618
885,FR220028010021,8,2,0.8181818181818182,81,1,0.9101123595505618
886,FR220028010022,7,1,0.9090909090909091,82,1,0.9213483146067416
887,FR220028010023,7,1,0.9090909090909091,82,1,0.9213483146067416
888,FR220028010024,8,1,0.9090909090909091,82,1,0.9111111111111111
889,FR220028010025,7,1,0.9090909090909091,82,1,0.9213483146067416
890,FR220028010026,7,1,0.9090909090909091,82,1,0.9213483146067416
891,FR220028010027,8,1,0.9090909090909091,81,1,0.9101123595505618
892,FR220028010028,7,1,0.9090909090909091,82,1,0.9213483146067416
893,FR220028010029,7,1,0.9090909090909091,82,1,0.9213483146067416
894,FR220028010030,7,1,0.9090909090909091,82,1,0.9213483146067416
895,FR220028010031,8,1,0.9090909090909091,81,1,0.9101123595505618
896,FR220028010032,11,2,0.8181818181818182,78,1,0.8764044943820225
897,FR220028010033,7,1,0.9090909090909091,82,1,0.9213483146067416
898,FR220028010034,10,1,0.9090909090909091,79,1,0.8876404494382022
899,FR220028010035,9,2,0.8181818181818182,80,1,0.898876404494382
900,FR220028010036,8,1,0.9090909090909091,81,1,0.9101123595505618
901,FR220028010037,9,2,0.8181818181818182,80,1,0.898876404494382
902,FR220028010038,8,1,0.9090909090909091,81,1,0.9101123595505618
903,FR220028010039,9,1,0.9090909090909091,81,1,0.9
904,FR220028010040,7,1,0.9090909090909091,82,1,0.9213483146067416
905,FR220028010041,7,1,0.9090909090909091,82,1,0.9213483146067416
906,FR220028010042,7,1,0.9090909090909091,82,1,0.9213483146067416
907,FR220028010043,7,1,0.9090909090909091,82,1,0.9213483146067416
908,FR220028010044,9,2,0.8181818181818182,80,1,0.898876404494382
909,FR220028010045,7,1,0.9090909090909091,82,1,0.9213483146067416
910,FR220028010046,4,1,0.9090909090909091,85,1,0.9550561797752809
911,FR220028010047,7,1,0.9090909090909091,82,1,0.9213483146067416
912,FR220028010048,7,1,0.9090909090909091,82,1,0.9213483146067416
913,FR220028010049,13,2,0.8181818181818182,76,1,0.8539325842696629
914,FR220028010050,7,1,0.9090909090909091,82,1,0.9213483146067416
915,FR220028010051,9,1,0.9090909090909091,80,1,0.898876404494382
916,FR220028010052,11,1,0.9090909090909091,78,1,0.8764044943820225
917,FR220028010053,7,1,0.9090909090909091,82,1,0.9213483146067416
918,FR220028010054,7,1,0.9090909090909091,82,1,0.9213483146067416
919,FR220028010055,9,1,0.9090909090909091,80,1,0.898876404494382
920,FR220028010056,8,1,0.9090909090909091,81,1,0.9101123595505618
921,FR220028010057,7,1,0.9090909090909091,82,1,0.9213483146067416
922,FR220028010058,8,1,0.9090909090909091,81,1,0.9101123595505618
923,FR220028010059,7,1,0.9090909090909091,82,1,0.9213483146067416
924,FR220028010060,7,1,0.9090909090909091,82,1,0.9213483146067416
925,FR220028010061,16,2,0.9090909090909091,162,2,0.9101123595505618
926,FR220028010062,7,1,0.9090909090909091,82,1,0.9213483146067416
927,FR220028010063,7,1,0.9090909090909091,82,1,0.9213483146067416
928,FR220028010064,10,2,0.8181818181818182,79,1,0.8876404494382022
929,FR220028010065,7,1,0.9090909090909091,82,1,0.9213483146067416
930,FR220028010066,8,2,0.8181818181818182,81,1,0.9101123595505618
931,FR220028010067,7,1,0.9090909090909091,82,1,0.9213483146067416
932,FR220028010068,7,1,0.9090909090909091,82,1,0.9213483146067416
933,FR220028010069,7,1,0.9090909090909091,82,1,0.9213483146067416
934,FR220028010070,8,1,0.9090909090909091,81,1,0.9101123595505618
935,FR220028010071,7,1,0.9090909090909091,82,1,0.9213483146067416
936,FR220028010072,7,1,0.9090909090909091,82,1,0.9213483146067416
937,FR220028010073,9,2,0.8181818181818182,80,1,0.898876404494382
938,FR220028010074,7,1,0.9090909090909091,82,1,0.9213483146067416
939,FR220028010075,7,1,0.9090909090909091,82,1,0.9213483146067416
940,FR220028010076,7,1,0.9090909090909091,82,1,0.9213483146067416
941,FR220028010077,7,1,0.9090909090909091,82,1,0.9213483146067416
942,FR220028010078,8,2,0.8181818181818182,81,1,0.9101123595505618
943,FR220028010079,8,2,0.8181818181818182,81,1,0.9101123595505618
944,FR220028010080,7,1,0.9090909090909091,82,1,0.9213483146067416
945,FR220028010081,8,1,0.9090909090909091,81,1,0.9101123595505618
946,FR220028010082,7,1,0.9090909090909091,82,1,0.9213483146067416
947,FR220028010083,8,1,0.9090909090909091,81,1,0.9101123595505618
948,FR220028010084,8,1,0.9090909090909091,81,1,0.9101123595505618
949,FR220028010085,7,1,0.9090909090909091,82,1,0.9213483146067416
950,FR220028010086,7,1,0.9090909090909091,82,1,0.9213483146067416
951,FR220028010087,6,1,0.9090909090909091,83,1,0.9325842696629213
952,FR220028010088,7,1,0.9090909090909091,82,1,0.9213483146067416
953,FR220028010089,7,1,0.9090909090909091,82,1,0.9213483146067416
954,FR220028010090,7,1,0.9090909090909091,82,1,0.9213483146067416
955,FR220028010091,7,1,0.9090909090909091,82,1,0.9213483146067416
956,FR220028010092,7,1,0.9090909090909091,82,1,0.9213483146067416
957,FR220028010093,7,1,0.9090909090909091,82,1,0.9213483146067416
958,FR220028010094,7,1,0.9090909090909091,82,1,0.9213483146067416
959,FR220028010095,7,1,0.9090909090909091,82,1,0.9213483146067416
960,FR220028010096,7,1,0.9090909090909091,82,1,0.9213483146067416
961,FR220028010097,7,1,0.9090909090909091,82,1,0.9213483146067416
962,FR220028010098,7,1,0.9090909090909091,82,1,0.9213483146067416
963,FR220028010099,7,1,0.9090909090909091,82,1,0.9213483146067416
964,FR220028010100,7,1,0.9090909090909091,82,1,0.9213483146067416
965,FR220028010101,7,1,0.9090909090909091,82,1,0.9213483146067416
966,FR220028010102,7,1,0.9090909090909091,82,1,0.9213483146067416
967,FR220028010103,7,1,0.9090909090909091,82,1,0.9213483146067416
968,FR220028010104,8,1,0.9090909090909091,81,1,0.9101123595505618
969,FR220028010105,7,1,0.9090909090909091,82,1,0.9213483146067416
970,FR220028010106,8,1,0.9090909090909091,81,1,0.9101123595505618
971,FR220028010107,8,1,0.9090909090909091,81,1,0.9101123595505618
972,FR220028010108,8,1,0.9090909090909091,81,1,0.9101123595505618
973,FR220028010109,7,1,0.9090909090909091,82,1,0.9213483146067416
974,FR220028010110,9,1,0.9090909090909091,80,1,0.898876404494382
975,FR220028010111,8,1,0.9090909090909091,81,1,0.9101123595505618
976,FR220028010112,8,1,0.9090909090909091,81,1,0.9101123595505618
977,FR220028010113,7,1,0.9090909090909091,82,1,0.9213483146067416
978,FR220028010114,7,1,0.9090909090909091,82,1,0.9213483146067416
979,FR220028010115,8,1,0.9090909090909091,81,1,0.9101123595505618
980,FR220028010116,7,1,0.9090909090909091,82,1,0.9213483146067416
981,FR220028010117,7,1,0.9090909090909091,82,1,0.9213483146067416
982,FR220028010118,7,1,0.9090909090909091,82,1,0.9213483146067416
983,FR220028010119,8,1,0.9090909090909091,81,1,0.9101123595505618
984,FR220028010120,7,1,0.9090909090909091,82,1,0.9213483146067416
985,FR220028010121,8,1,0.9090909090909091,81,1,0.9101123595505618
986,FR220028010122,7,1,0.9090909090909091,82,1,0.9213483146067416
987,FR220028010123,6,1,0.9090909090909091,83,1,0.9325842696629213
988,FR220028010124,7,1,0.9090909090909091,82,1,0.9213483146067416
989,FR220028010125,4,1,0.9090909090909091,85,1,0.9550561797752809
990,FR220028010126,6,1,0.9090909090909091,83,1,0.9325842696629213
991,FR220028010127,7,1,0.9090909090909091,82,1,0.9213483146067416
992,FR220028010128,8,1,0.9090909090909091,81,1,0.9101123595505618
993,FR220028010129,7,1,0.9090909090909091,82,1,0.9213483146067416
994,FR220028010130,8,1,0.9090909090909091,81,1,0.9101123595505618
995,FR220028010131,7,1,0.9090909090909091,82,1,0.9213483146067416
996,FR220028010132,7,1,0.9090909090909091,82,1,0.9213483146067416
997,FR220028010133,7,1,0.9090909090909091,82,1,0.9213483146067416
998,FR220028010134,8,1,0.9090909090909091,81,1,0.9101123595505618
999,FR220028010135,6,1,0.9090909090909091,83,1,0.9325842696629213
1000,FR220028010136,7,1,0.9090909090909091,82,1,0.9213483146067416
1001,FR220028010137,7,1,0.9090909090909091,82,1,0.9213483146067416
1002,FR220028010138,7,1,0.9090909090909091,82,1,0.9213483146067416
1003,FR220028010139,9,1,0.9090909090909091,80,1,0.898876404494382
1004,FR220028010140,9,2,0.8181818181818182,80,1,0.898876404494382
1005,FR220028010141,8,2,0.8181818181818182,81,1,0.9101123595505618
1006,FR220028010142,7,1,0.9090909090909091,82,1,0.9213483146067416
1007,FR220028010143,7,1,0.9090909090909091,82,1,0.9213483146067416
1008,FR220028010144,7,1,0.9090909090909091,82,1,0.9213483146067416
1009,FR220028010145,7,1,0.9090909090909091,82,1,0.9213483146067416
1010,FR220028010146,8,1,0.9090909090909091,81,1,0.9101123595505618
1011,FR220028010147,7,1,0.9090909090909091,82,1,0.9213483146067416
1012,FR220028010148,9,2,0.8181818181818182,80,1,0.898876404494382
1013,FR220028010149,8,1,0.9090909090909091,81,1,0.9101123595505618
1014,FR220028010150,8,1,0.9090909090909091,81,1,0.9101123595505618
1015,FR220028010151,6,1,0.9090909090909091,83,1,0.9325842696629213
1016,FR220028010152,7,1,0.9090909090909091,82,1,0.9213483146067416
1017,FR220028010153,8,1,0.9090909090909091,81,1,0.9101123595505618
1018,FR220028010154,8,1,0.9090909090909091,81,1,0.9101123595505618
1019,FR220028010155,9,2,0.8181818181818182,80,1,0.898876404494382
1020,FR220028010156,9,1,0.9090909090909091,80,1,0.898876404494382
1021,FR220028010157,8,1,0.9090909090909091,81,1,0.9101123595505618
1022,FR220028010158,7,1,0.9090909090909091,82,1,0.9213483146067416
1023,FR220028010159,6,1,0.9090909090909091,83,1,0.9325842696629213
1024,FR220028010160,7,1,0.9090909090909091,82,1,0.9213483146067416
1025,FR220028010161,8,1,0.9090909090909091,81,1,0.9101123595505618
1026,FR220028010162,7,1,0.9090909090909091,82,1,0.9213483146067416
1027,FR220028010163,7,1,0.9090909090909091,82,1,0.9213483146067416
1028,FR220028010164,7,1,0.9090909090909091,82,1,0.9213483146067416
1029,FR220028010165,8,1,0.9090909090909091,81,1,0.9101123595505618
1030,FR220028010166,9,2,0.8181818181818182,80,1,0.898876404494382
1031,FR220028010167,9,2,0.8181818181818182,80,1,0.898876404494382
1032,FR220028010168,7,1,0.9090909090909091,82,1,0.9213483146067416
1033,FR220028010169,8,1,0.9090909090909091,81,1,0.9101123595505618
1034,FR220028010170,7,1,0.9090909090909091,82,1,0.9213483146067416
1035,FR220028010171,8,1,0.9090909090909091,81,1,0.9101123595505618
1036,FR220028010172,7,1,0.9090909090909091,82,1,0.9213483146067416
1037,FR220028010173,7,1,0.9090909090909091,82,1,0.9213483146067416
1038,FR220028010174,7,2,0.8181818181818182,82,1,0.9213483146067416
1039,FR220028010175,8,2,0.8181818181818182,81,1,0.9101123595505618
1040,FR220028010176,7,1,0.9090909090909091,82,1,0.9213483146067416
1041,FR220028010177,8,1,0.9090909090909091,81,1,0.9101123595505618
1042,FR220028010178,9,2,0.8181818181818182,80,1,0.898876404494382
1043,FR220028010179,7,1,0.9090909090909091,82,1,0.9213483146067416
1044,FR220028010180,9,1,0.9090909090909091,80,1,0.898876404494382
1045,FR220028010181,6,1,0.9090909090909091,83,1,0.9325842696629213
1046,FR220028010182,7,1,0.9090909090909091,82,1,0.9213483146067416
1047,FR220028010183,7,1,0.9090909090909091,82,1,0.9213483146067416
1048,FR220028010184,8,2,0.8181818181818182,81,1,0.9101123595505618
1049,FR220028010185,8,1,0.9090909090909091,81,1,0.9101123595505618
1050,FR220028010186,8,2,0.8181818181818182,81,1,0.9101123595505618
1051,FR220028010187,8,1,0.9090909090909091,81,1,0.9101123595505618
1052,FR220028010188,7,1,0.9090909090909091,82,1,0.9213483146067416
1053,FR220028010189,7,1,0.9090909090909091,82,1,0.9213483146067416
1054,FR220028010190,7,1,0.9090909090909091,82,1,0.9213483146067416
1055,FR220028010191,8,2,0.8181818181818182,81,1,0.9101123595505618
1056,FR220028010192,7,1,0.9090909090909091,82,1,0.9213483146067416
1057,FR220028010193,9,2,0.8181818181818182,80,1,0.898876404494382
1058,FR220028010194,9,2,0.8181818181818182,80,1,0.898876404494382
1059,FR220028010195,7,1,0.9090909090909091,82,1,0.9213483146067416
1060,FR220028010196,7,1,0.9090909090909091,82,1,0.9213483146067416
1061,FR220028010197,9,2,0.8181818181818182,80,1,0.898876404494382
1062,FR220028010198,7,1,0.9090909090909091,82,1,0.9213483146067416
1063,FR220028010199,8,2,0.8181818181818182,81,1,0.9101123595505618
1064,FR220028010200,8,2,0.8181818181818182,81,1,0.9101123595505618
1065,FR220028010201,7,1,0.9090909090909091,82,1,0.9213483146067416
1066,FR220028010202,6,1,0.9090909090909091,83,1,0.9325842696629213
1067,FR220028010203,6,1,0.9090909090909091,83,1,0.9325842696629213
1068,FR220028010204,7,1,0.9090909090909091,82,1,0.9213483146067416
1069,FR220028010205,8,1,0.9090909090909091,81,1,0.9101123595505618
1070,FR220028010206,7,1,0.9090909090909091,82,1,0.9213483146067416
1071,FR220028010207,7,1,0.9090909090909091,82,1,0.9213483146067416
1072,FR220028010208,7,1,0.9090909090909091,82,1,0.9213483146067416
1073,FR220028010209,7,1,0.9090909090909091,82,1,0.9213483146067416
1074,FR220028010210,8,2,0.8181818181818182,81,1,0.9101123595505618
1075,FR220028010211,8,2,0.8181818181818182,81,1,0.9101123595505618
1076,FR220028010212,8,1,0.9090909090909091,81,1,0.9101123595505618
1077,FR220028010213,8,2,0.8181818181818182,81,1,0.9101123595505618
1078,FR220028010214,7,1,0.9090909090909091,82,1,0.9213483146067416
1079,FR220028010215,7,1,0.9090909090909091,82,1,0.9213483146067416
1080,FR220028010216,6,1,0.9090909090909091,83,1,0.9325842696629213
1081,FR220028010217,7,1,0.9090909090909091,82,1,0.9213483146067416
1082,FR220028010218,7,1,0.9090909090909091,82,1,0.9213483146067416
1083,FR220028010219,4,1,0.9090909090909091,85,1,0.9550561797752809
1084,FR220028010220,4,1,0.9090909090909091,85,1,0.9550561797752809
1085,FR220028010221,6,1,0.9090909090909091,83,1,0.9325842696629213
1086,FR220028010222,6,1,0.9090909090909091,83,1,0.9325842696629213
1087,FR220028010223,6,1,0.9090909090909091,83,1,0.9325842696629213
1088,FR220028010224,10,2,0.8181818181818182,79,1,0.8876404494382022
1089,FR220028010225,7,2,0.8181818181818182,82,1,0.9213483146067416
1090,FR220028010226,4,1,0.9090909090909091,85,1,0.9550561797752809
1091,FR220028010227,7,1,0.9090909090909091,82,1,0.9213483146067416
1092,FR220028010228,8,1,0.9090909090909091,81,1,0.9101123595505618
1093,FR220028010229,10,2,0.8181818181818182,79,1,0.8876404494382022
1094,FR220028010230,7,1,0.9090909090909091,82,1,0.9213483146067416
1095,FR220028010231,6,1,0.9090909090909091,83,1,0.9325842696629213
1096,FR220028010232,8,1,0.9090909090909091,81,1,0.9101123595505618
1097,FR220028010233,6,1,0.9090909090909091,83,1,0.9325842696629213
1098,FR220028010234,7,1,0.9090909090909091,82,1,0.9213483146067416
1099,FR220028010235,7,1,0.9090909090909091,82,1,0.9213483146067416
1100,FR220028010236,6,1,0.9090909090909091,83,1,0.9325842696629213
1101,FR220028010237,7,1,0.9090909090909091,82,1,0.9213483146067416
1102,FR220028010238,7,1,0.9090909090909091,82,1,0.9213483146067416
1103,FR220028010239,7,1,0.9090909090909091,82,1,0.9213483146067416
1104,FR220028010240,9,2,0.8181818181818182,80,1,0.898876404494382
1105,FR220028010241,7,1,0.9090909090909091,82,1,0.9213483146067416
1106,FR220028010242,8,1,0.9090909090909091,81,1,0.9101123595505618
1107,FR220028010243,7,1,0.9090909090909091,82,1,0.9213483146067416
1108,FR220028030244,8,2,0.8181818181818182,81,1,0.9101123595505618
1109,FR220028030245,6,2,0.8181818181818182,83,1,0.9325842696629213
1110,FR220028030246,8,2,0.8181818181818182,81,1,0.9101123595505618
1111,FR220028030247,8,2,0.8181818181818182,81,1,0.9101123595505618
1112,FR220028030248,8,2,0.8181818181818182,81,1,0.9101123595505618
1113,FR220028030249,6,1,0.9090909090909091,83,1,0.9325842696629213
1114,FR220028030250,10,2,0.8181818181818182,79,1,0.8876404494382022
1115,FR220028030251,8,2,0.8181818181818182,81,1,0.9101123595505618
1116,FR220028030252,7,1,0.9090909090909091,82,1,0.9213483146067416
1117,FR220028030253,5,1,0.9090909090909091,84,1,0.9438202247191011
1118,FR220028030254,6,2,0.8181818181818182,83,1,0.9325842696629213
1119,FR220028030255,8,2,0.8181818181818182,81,1,0.9101123595505618
1120,FR220028030256,8,2,0.8181818181818182,81,1,0.9101123595505618
1121,FR220028030257,8,2,0.8181818181818182,81,1,0.9101123595505618
1122,FR220028030258,8,2,0.8181818181818182,81,1,0.9101123595505618
1123,FR220028030259,6,2,0.8181818181818182,83,1,0.9325842696629213
1124,FR220028030260,8,2,0.8181818181818182,81,1,0.9101123595505618
1125,FR220028030261,6,2,0.8181818181818182,83,1,0.9325842696629213
1126,FR220028030262,8,2,0.8181818181818182,81,1,0.9101123595505618
1127,FR220028030263,8,2,0.8181818181818182,81,1,0.9101123595505618
1128,FR220028030264,8,2,0.8181818181818182,81,1,0.9101123595505618
1129,FR220028030265,10,2,0.8181818181818182,79,1,0.8876404494382022
1130,FR220028030266,8,2,0.8181818181818182,81,1,0.9101123595505618
1131,FR220028030267,8,2,0.8181818181818182,81,1,0.9101123595505618
1132,FR220028030268,8,2,0.8181818181818182,81,1,0.9101123595505618
1133,FR220028030269,8,2,0.8181818181818182,81,1,0.9101123595505618
1134,FR220028030270,8,2,0.8181818181818182,81,1,0.9101123595505618
1135,FR220028030271,8,2,0.8181818181818182,81,1,0.9101123595505618
1136,FR220028030272,8,2,0.8181818181818182,81,1,0.9101123595505618
1137,FR220028030273,8,2,0.8181818181818182,81,1,0.9101123595505618
1138,FR220028030274,8,2,0.8181818181818182,81,1,0.9101123595505618
1139,FR220028030275,8,2,0.8181818181818182,81,1,0.9101123595505618
1140,FR220028030276,6,2,0.8181818181818182,83,1,0.9325842696629213
1141,FR220028030277,8,2,0.8181818181818182,81,1,0.9101123595505618
1142,FR220028030278,8,2,0.8181818181818182,81,1,0.9101123595505618
1143,FR220028030279,4,1,0.9090909090909091,85,1,0.9550561797752809
1144,FR220028030280,4,1,0.9090909090909091,85,1,0.9550561797752809
1145,FR220028030281,4,1,0.9090909090909091,85,1,0.9550561797752809
1146,FR220028030282,5,1,0.9090909090909091,84,1,0.9438202247191011
1147,FR220028030283,4,1,0.9090909090909091,85,1,0.9550561797752809
1148,FR220028030284,5,2,0.8181818181818182,84,1,0.9438202247191011
1149,FR220028030285,8,2,0.8181818181818182,81,1,0.9101123595505618
1150,FR220028030286,5,2,0.8181818181818182,84,1,0.9438202247191011
1151,FR220028030287,6,1,0.9090909090909091,83,1,0.9325842696629213
1152,FR220028030288,4,1,0.9090909090909091,85,1,0.9550561797752809
1153,FR220028030289,4,1,0.9090909090909091,85,1,0.9550561797752809
1154,FR220028030290,5,1,0.9090909090909091,84,1,0.9438202247191011
1155,FR220028030291,4,1,0.9090909090909091,85,1,0.9550561797752809
1156,FR220028030292,6,2,0.8181818181818182,83,1,0.9325842696629213
1157,FR220028030293,6,2,0.8181818181818182,83,1,0.9325842696629213
1158,FR220028030294,7,1,0.9090909090909091,82,1,0.9213483146067416
1159,FR220028030295,8,2,0.8181818181818182,81,1,0.9101123595505618
1160,FR220028030296,6,2,0.8181818181818182,83,1,0.9325842696629213
1161,FR220028030297,8,2,0.8181818181818182,81,1,0.9101123595505618
1162,FR220028030298,9,2,0.8181818181818182,80,1,0.898876404494382
1163,FR220028030299,12,2,0.8181818181818182,77,1,0.8651685393258427
1164,FR220028030300,8,2,0.8181818181818182,81,1,0.9101123595505618
1165,FR220028030301,8,2,0.8181818181818182,81,1,0.9101123595505618
1166,FR220028030302,8,2,0.8181818181818182,81,1,0.9101123595505618
1167,FR220028030303,16,4,0.8181818181818182,162,2,0.9101123595505618
1168,FR220028030304,8,2,0.8181818181818182,81,1,0.9101123595505618
1169,FR220028030305,6,2,0.8181818181818182,83,1,0.9325842696629213
1170,FR220028030306,5,1,0.9090909090909091,84,1,0.9438202247191011
1171,FR220028030307,6,2,0.8181818181818182,83,1,0.9325842696629213
1172,FR320027010285,9,1,0.9090909090909091,80,1,0.898876404494382
1173,FR320027010286,8,1,0.9090909090909091,81,1,0.9101123595505618
1174,FR320027010287,7,1,0.9090909090909091,82,1,0.9213483146067416
1175,FR320027010288,7,1,0.9090909090909091,82,1,0.9213483146067416
1176,FR320027010289,10,1,0.9090909090909091,79,1,0.8876404494382022
1177,FR320028030000,8,2,0.8181818181818182,81,1,0.9101123595505618
1178,FR320028030001,8,2,0.8181818181818182,81,1,0.9101123595505618
1179,FR320028030002,6,2,0.8181818181818182,83,1,0.9325842696629213
1180,FR320028030003,5,2,0.8181818181818182,84,1,0.9438202247191011
1181,FR320028030004,4,1,0.9090909090909091,85,1,0.9550561797752809
1182,FR320028030005,5,1,0.9090909090909091,84,1,0.9438202247191011
1183,FR320028030006,4,1,0.9090909090909091,85,1,0.9550561797752809
1184,FR320028030007,8,2,0.8181818181818182,81,1,0.9101123595505618
1185,FR320028030008,8,2,0.8181818181818182,81,1,0.9101123595505618
1186,FR320028030009,8,2,0.8181818181818182,81,1,0.9101123595505618
1187,FR320028030010,8,2,0.8181818181818182,81,1,0.9101123595505618
1188,FR320028030011,6,1,0.9090909090909091,83,1,0.9325842696629213
1189,FR320028030012,8,2,0.8181818181818182,81,1,0.9101123595505618
1190,FR320028030013,5,1,0.9090909090909091,84,1,0.9438202247191011
1191,FR320028030014,8,2,0.8181818181818182,81,1,0.9101123595505618
1192,FR320028030015,8,2,0.8181818181818182,81,1,0.9101123595505618
1193,FR320028030016,8,2,0.8181818181818182,81,1,0.9101123595505618
1194,FR320028030017,8,2,0.8181818181818182,81,1,0.9101123595505618
1195,FR320028030018,8,2,0.8181818181818182,81,1,0.9101123595505618
1196,FR320028030019,6,2,0.8181818181818182,83,1,0.9325842696629213
1197,FR320028030020,5,2,0.8181818181818182,84,1,0.9438202247191011
1198,FR320028030021,5,1,0.9090909090909091,84,1,0.9438202247191011
1199,FR320028030022,8,2,0.8181818181818182,81,1,0.9101123595505618
1200,FR320028030023,6,2,0.8181818181818182,83,1,0.9325842696629213
1201,FR320028030024,8,2,0.8181818181818182,81,1,0.9101123595505618
1202,FR320028030025,4,1,0.9090909090909091,85,1,0.9550561797752809
1203,FR320028030026,4,1,0.9090909090909091,85,1,0.9550561797752809
1204,FR320028030027,7,1,0.9090909090909091,82,1,0.9213483146067416
1205,FR320028030028,4,1,0.9090909090909091,85,1,0.9550561797752809
1206,FR320028030029,4,1,0.9090909090909091,85,1,0.9550561797752809
1207,FR320028030030,6,1,0.9090909090909091,83,1,0.9325842696629213
1208,FR320028030031,8,2,0.8181818181818182,81,1,0.9101123595505618
1209,FR320028030032,4,1,0.9090909090909091,85,1,0.9550561797752809
1210,FR320028030033,8,2,0.8181818181818182,81,1,0.9101123595505618
1211,FR320028030034,9,2,0.8181818181818182,80,1,0.898876404494382
1212,FR320028030035,4,1,0.9090909090909091,85,1,0.9550561797752809
1213,FR320028030036,6,2,0.8181818181818182,83,1,0.9325842696629213
1214,FR320028030037,7,2,0.8181818181818182,82,1,0.9213483146067416
1215,FR320028030038,7,2,0.8181818181818182,82,1,0.9213483146067416
1216,FR320028030039,8,2,0.8181818181818182,81,1,0.9101123595505618
1217,FR320028030040,7,2,0.8181818181818182,82,1,0.9213483146067416
1218,FR320028030041,7,2,0.8181818181818182,82,1,0.9213483146067416
1219,FR320028030042,7,2,0.8181818181818182,82,1,0.9213483146067416
1220,FR320028030043,8,2,0.8181818181818182,81,1,0.9101123595505618
1221,FR320028030044,7,2,0.8181818181818182,82,1,0.9213483146067416
1222,FR320028030045,8,2,0.8181818181818182,81,1,0.9101123595505618
1223,FR320028030046,6,1,0.9090909090909091,83,1,0.9325842696629213
1224,FR320028030047,6,1,0.9090909090909091,83,1,0.9325842696629213
1225,FR320028030048,8,2,0.8181818181818182,81,1,0.9101123595505618
1226,FR320028030049,9,2,0.8181818181818182,80,1,0.898876404494382
1227,FR320028030050,8,2,0.8181818181818182,81,1,0.9101123595505618
1228,FR320028030051,6,2,0.8181818181818182,83,1,0.9325842696629213
1229,FR320028030052,6,2,0.8181818181818182,83,1,0.9325842696629213
1230,FR320028030053,8,2,0.8181818181818182,81,1,0.9101123595505618
1231,FR320028030054,8,2,0.8181818181818182,81,1,0.9101123595505618
1232,FR320028030055,8,2,0.8181818181818182,81,1,0.9101123595505618
1233,FR320028030056,6,1,0.9090909090909091,83,1,0.9325842696629213
1234,FR320028030057,5,1,0.9090909090909091,84,1,0.9438202247191011
1235,FR320028030058,6,2,0.8181818181818182,83,1,0.9325842696629213
1236,FR320028030059,8,2,0.8181818181818182,81,1,0.9101123595505618
1237,FR320028030060,7,2,0.8181818181818182,82,1,0.9213483146067416
1238,FR320028030061,8,2,0.8181818181818182,81,1,0.9101123595505618
1239,FR320028030062,7,2,0.8181818181818182,82,1,0.9213483146067416
1240,FR320028030063,8,2,0.8181818181818182,81,1,0.9101123595505618
1241,FR320028030064,8,2,0.8181818181818182,81,1,0.9101123595505618
1242,FR320028030065,6,2,0.8181818181818182,83,1,0.9325842696629213
1243,FR320028030066,8,2,0.8181818181818182,81,1,0.9101123595505618
1244,FR320028030067,5,1,0.9090909090909091,84,1,0.9438202247191011
1245,FR320028030068,4,1,0.9090909090909091,85,1,0.9550561797752809
1246,FR320028030069,6,2,0.8181818181818182,83,1,0.9325842696629213
1247,FR320028030070,8,2,0.8181818181818182,81,1,0.9101123595505618
1248,FR320028030071,4,1,0.9090909090909091,85,1,0.9550561797752809
1249,FR320028030072,6,2,0.8181818181818182,83,1,0.9325842696629213
1250,FR320028030073,8,2,0.8181818181818182,81,1,0.9101123595505618
1251,FR320028030074,8,2,0.8181818181818182,81,1,0.9101123595505618
1252,FR320028030075,7,1,0.9090909090909091,82,1,0.9213483146067416
1253,FR320028030076,6,2,0.8181818181818182,83,1,0.9325842696629213
1254,FR320028030077,5,1,0.9090909090909091,84,1,0.9438202247191011
1255,FR320028030078,8,2,0.8181818181818182,81,1,0.9101123595505618
1256,FR320028030079,8,2,0.8181818181818182,81,1,0.9101123595505618
1257,FR320028030080,8,2,0.8181818181818182,81,1,0.9101123595505618
1258,FR320028030081,8,2,0.8181818181818182,81,1,0.9101123595505618
1259,FR320028030082,8,2,0.8181818181818182,81,1,0.9101123595505618
1260,FR320028030083,6,2,0.8181818181818182,83,1,0.9325842696629213
1261,FR320028030084,8,2,0.8181818181818182,81,1,0.9101123595505618
1262,FR320028030085,8,2,0.8181818181818182,81,1,0.9101123595505618
1263,FR320028030086,6,2,0.8181818181818182,83,1,0.9325842696629213
1264,FR320028030087,6,2,0.8181818181818182,83,1,0.9325842696629213
1265,FR320028030088,6,2,0.8181818181818182,83,1,0.9325842696629213
1266,FR320028030089,4,1,0.9090909090909091,85,1,0.9550561797752809
1267,FR320028030090,6,2,0.8181818181818182,83,1,0.9325842696629213
1268,FR320028030091,10,2,0.9090909090909091,168,2,0.9438202247191011
1269,FR320028030092,6,2,0.8181818181818182,83,1,0.9325842696629213
1270,FR320028030093,6,2,0.8181818181818182,83,1,0.9325842696629213
1271,FR320028030094,6,2,0.8181818181818182,83,1,0.9325842696629213
1272,FR320028030095,6,2,0.8181818181818182,83,1,0.9325842696629213
1273,FR320028030096,6,2,0.8181818181818182,83,1,0.9325842696629213
1274,FR320028030097,8,2,0.8181818181818182,81,1,0.9101123595505618
1275,FR320028030098,8,2,0.8181818181818182,81,1,0.9101123595505618
1276,FR320028030099,6,2,0.8181818181818182,83,1,0.9325842696629213
1277,FR320028030100,8,2,0.8181818181818182,81,1,0.9101123595505618
1278,FR320028030101,6,2,0.8181818181818182,83,1,0.9325842696629213
1279,FR320028030102,8,2,0.8181818181818182,81,1,0.9101123595505618
1280,FR320028030103,8,2,0.8181818181818182,81,1,0.9101123595505618
1281,FR320028030104,5,1,0.9090909090909091,84,1,0.9438202247191011
1282,FR320028030105,8,2,0.8181818181818182,81,1,0.9101123595505618
1283,FR320028030106,8,2,0.8181818181818182,81,1,0.9101123595505618
1284,FR320028030107,8,2,0.8181818181818182,81,1,0.9101123595505618
1285,FR320028030108,4,1,0.9090909090909091,85,1,0.9550561797752809
1286,FR320028030109,5,1,0.9090909090909091,84,1,0.9438202247191011
1287,FR320028030110,8,2,0.8181818181818182,81,1,0.9101123595505618
1288,FR320028030111,5,1,0.9090909090909091,84,1,0.9438202247191011
1289,FR320028030112,6,2,0.8181818181818182,83,1,0.9325842696629213
1290,FR320028030113,7,1,0.9090909090909091,82,1,0.9213483146067416
1291,FR320028030114,8,2,0.8181818181818182,81,1,0.9101123595505618
1292,FR320028030115,8,2,0.8181818181818182,81,1,0.9101123595505618
1293,FR320028030116,8,2,0.8181818181818182,81,1,0.9101123595505618
1294,FR320028030117,8,2,0.8181818181818182,81,1,0.9101123595505618
1295,FR320028030118,8,2,0.8181818181818182,81,1,0.9101123595505618
1296,FR320028030119,7,2,0.8181818181818182,82,1,0.9213483146067416
1297,FR320028030120,6,2,0.8181818181818182,83,1,0.9325842696629213
1298,FR320028030121,6,2,0.8181818181818182,83,1,0.9325842696629213
1299,FR320028030122,6,2,0.8181818181818182,83,1,0.9325842696629213
1300,FR320028030123,7,1,0.9090909090909091,82,1,0.9213483146067416
1301,FR320028030124,6,2,0.8181818181818182,83,1,0.9325842696629213
1302,FR320028030125,19,4,0.8181818181818182,159,2,0.8932584269662921
1303,FR320028030126,8,2,0.8181818181818182,81,1,0.9101123595505618
1304,FR320028030127,8,2,0.8181818181818182,81,1,0.9101123595505618
1305,FR320028030128,6,2,0.8181818181818182,83,1,0.9325842696629213
1306,FR320028030129,8,2,0.8181818181818182,81,1,0.9101123595505618
1307,FR320028030130,5,2,0.8181818181818182,84,1,0.9438202247191011
1308,FR320028030131,5,1,0.9090909090909091,84,1,0.9438202247191011
1309,FR320028030132,4,1,0.9090909090909091,85,1,0.9550561797752809
1310,FR320028030133,6,2,0.8181818181818182,83,1,0.9325842696629213
1311,FR320028030134,8,2,0.8181818181818182,81,1,0.9101123595505618
1312,FR320028030135,4,1,0.9090909090909091,85,1,0.9550561797752809
1313,FR320028030136,5,2,0.8181818181818182,84,1,0.9438202247191011
1314,FR320028030137,8,2,0.8181818181818182,81,1,0.9101123595505618
1315,FR320028030138,4,1,0.9090909090909091,85,1,0.9550561797752809
1316,FR320028030139,5,1,0.9090909090909091,84,1,0.9438202247191011
1317,FR320028030140,6,2,0.8181818181818182,83,1,0.9325842696629213
1318,FR320028030141,6,2,0.8181818181818182,83,1,0.9325842696629213
1319,FR320028030142,7,2,0.8181818181818182,82,1,0.9213483146067416
1320,FR320028030143,8,2,0.8181818181818182,81,1,0.9101123595505618
1321,FR320028030144,8,2,0.8181818181818182,81,1,0.9101123595505618
1322,FR320028030145,6,1,0.9090909090909091,83,1,0.9325842696629213
1323,FR320028030146,6,1,0.9090909090909091,83,1,0.9325842696629213
1324,FR320028030147,6,2,0.8181818181818182,83,1,0.9325842696629213
1325,FR320028030148,7,1,0.9090909090909091,82,1,0.9213483146067416
1326,FR320028030149,6,2,0.8181818181818182,83,1,0.9325842696629213
1327,FR320028030150,5,1,0.9090909090909091,84,1,0.9438202247191011
1328,FR320028030151,8,2,0.8181818181818182,81,1,0.9101123595505618
1329,FR320028030152,6,1,0.9090909090909091,83,1,0.9325842696629213
1330,FR320028030153,6,1,0.9090909090909091,83,1,0.9325842696629213
1331,FR320028030154,6,1,0.9090909090909091,83,1,0.9325842696629213
1332,FR320028030155,7,2,0.8181818181818182,82,1,0.9213483146067416
1333,FR320028030156,8,2,0.8181818181818182,81,1,0.9101123595505618
1334,FR320028030157,4,1,0.9090909090909091,85,1,0.9550561797752809
1335,FR320028030158,7,2,0.8181818181818182,82,1,0.9213483146067416
1336,FR320028030159,6,1,0.9090909090909091,83,1,0.9325842696629213
1337,FR320028030160,6,1,0.9090909090909091,83,1,0.9325842696629213
1338,FR320028030161,9,2,0.8181818181818182,80,1,0.898876404494382
1339,FR320028030162,5,1,0.9090909090909091,84,1,0.9438202247191011
1340,FR320028030163,5,1,0.9090909090909091,84,1,0.9438202247191011
1341,FR320028030164,6,1,0.9090909090909091,83,1,0.9325842696629213
1342,FR320028030165,6,1,0.9090909090909091,83,1,0.9325842696629213
1343,FR320028030166,7,1,0.9090909090909091,82,1,0.9213483146067416
1344,FR320028030167,8,2,0.8181818181818182,81,1,0.9101123595505618
1345,FR320028030168,8,2,0.8181818181818182,81,1,0.9101123595505618
1346,FR320028030169,8,2,0.8181818181818182,81,1,0.9101123595505618
1347,FR320028030170,8,2,0.8181818181818182,81,1,0.9101123595505618
1348,FR320028030171,8,2,0.8181818181818182,81,1,0.9101123595505618
1349,FR320028030172,6,1,0.9090909090909091,83,1,0.9325842696629213
1350,FR320028030173,6,1,0.9090909090909091,83,1,0.9325842696629213
1351,FR320028030174,14,4,0.8181818181818182,164,2,0.9213483146067416
1352,FR320028030175,7,1,0.9090909090909091,82,1,0.9213483146067416
1353,FR320028030176,8,2,0.8181818181818182,81,1,0.9101123595505618
1354,FR320028030177,4,1,0.9090909090909091,85,1,0.9550561797752809
1355,FR320028030178,7,2,0.8181818181818182,82,1,0.9213483146067416
1356,FR320028030179,6,1,0.9090909090909091,83,1,0.9325842696629213
1357,FR320028030180,8,2,0.8181818181818182,81,1,0.9101123595505618
1358,FR320028030181,8,2,0.8181818181818182,81,1,0.9101123595505618
1359,FR320028030182,8,2,0.8181818181818182,81,1,0.9101123595505618
1360,FR320028030183,7,1,0.9090909090909091,82,1,0.9213483146067416
1361,FR320028030184,5,1,0.9090909090909091,84,1,0.9438202247191011
1362,FR320028030185,8,2,0.8181818181818182,81,1,0.9101123595505618
1363,FR320028030186,4,1,0.9090909090909091,85,1,0.9550561797752809
1364,FR320028030187,8,2,0.9090909090909091,170,2,0.9550561797752809
1365,FR320028030188,5,1,0.9090909090909091,84,1,0.9438202247191011
1366,FR320028030189,6,2,0.8181818181818182,83,1,0.9325842696629213
1367,FR320028030190,5,1,0.9090909090909091,84,1,0.9438202247191011
1368,FR320028030191,5,1,0.9090909090909091,84,1,0.9438202247191011
1369,FR320028030192,6,2,0.8181818181818182,83,1,0.9325842696629213
1370,FR320028030193,6,1,0.9090909090909091,83,1,0.9325842696629213
1371,FR320028030194,4,1,0.9090909090909091,85,1,0.9550561797752809
1372,FR320028030195,4,1,0.9090909090909091,85,1,0.9550561797752809
1373,FR320028030196,4,1,0.9090909090909091,85,1,0.9550561797752809
1374,FR320028030197,4,1,0.9090909090909091,85,1,0.9550561797752809
1375,FR320028030198,8,2,0.8181818181818182,81,1,0.9101123595505618
1376,FR320028030199,8,2,0.8181818181818182,81,1,0.9101123595505618
1377,FR320028030200,6,2,0.8181818181818182,83,1,0.9325842696629213
1378,FR320028030201,8,2,0.8181818181818182,81,1,0.9101123595505618
1379,FR320028030202,4,1,0.9090909090909091,85,1,0.9550561797752809
1380,FR320028030203,6,2,0.8181818181818182,83,1,0.9325842696629213
1381,FR320028030204,8,2,0.8181818181818182,81,1,0.9101123595505618
1382,FR320028030205,8,2,0.8181818181818182,81,1,0.9101123595505618
1383,FR320028030206,10,2,0.8181818181818182,79,1,0.8876404494382022
1384,FR320028030207,6,1,0.9090909090909091,83,1,0.9325842696629213
1385,FR320028030213,8,2,0.8181818181818182,81,1,0.9101123595505618
1386,FR320028030214,7,1,0.9090909090909091,82,1,0.9213483146067416
1387,FR320028030215,16,4,0.8181818181818182,162,2,0.9101123595505618
1388,FR320028030216,7,1,0.9090909090909091,82,1,0.9213483146067416
1389,FR320028030217,6,1,0.9090909090909091,83,1,0.9325842696629213
1390,FR320028030218,7,1,0.9090909090909091,82,1,0.9213483146067416
1391,FR320028030219,4,1,0.9090909090909091,85,1,0.9550561797752809
1392,FR320028030220,5,1,0.9090909090909091,84,1,0.9438202247191011
1393,FR320028030221,5,1,0.9090909090909091,84,1,0.9438202247191011
1394,FR320028030229,5,1,0.9090909090909091,84,1,0.9438202247191011
1395,FR320028030231,7,1,0.9090909090909091,82,1,0.9213483146067416
1396,FR320028030232,5,1,0.9090909090909091,84,1,0.9438202247191011
1397,FR320028030233,5,1,0.9090909090909091,84,1,0.9438202247191011
1398,FR320028030234,7,1,0.9090909090909091,82,1,0.9213483146067416
1399,FR320028030235,4,1,0.9090909090909091,85,1,0.9550561797752809
1400,FR320028030236,8,2,0.8181818181818182,81,1,0.9101123595505618
1401,FR320028030238,6,2,0.8181818181818182,83,1,0.9325842696629213
1402,FR320028030239,9,3,0.7272727272727273,80,1,0.898876404494382
1403,FR320028030240,8,2,0.8181818181818182,81,1,0.9101123595505618
1404,FR320028030241,4,1,0.9090909090909091,85,1,0.9550561797752809
1405,FR320028030242,5,1,0.9090909090909091,84,1,0.9438202247191011
1406,FR320028030243,9,2,0.8181818181818182,80,1,0.898876404494382
1407,FR320028030244,4,1,0.9090909090909091,85,1,0.9550561797752809
1408,FR320028030245,6,2,0.8181818181818182,83,1,0.9325842696629213
1409,FR320028030246,6,2,0.8181818181818182,83,1,0.9325842696629213
1410,FR320028030247,6,2,0.8181818181818182,83,1,0.9325842696629213
1411,FR320028030248,6,2,0.8181818181818182,83,1,0.9325842696629213
1412,FR320028030249,6,2,0.8181818181818182,83,1,0.9325842696629213
1413,FR320028030250,8,2,0.8181818181818182,81,1,0.9101123595505618
1414,FR320028030251,11,2,0.8181818181818182,78,1,0.8764044943820225
1415,FR320028030252,5,2,0.8181818181818182,84,1,0.9438202247191011
1416,FR320028030253,6,1,0.9090909090909091,83,1,0.9325842696629213
1417,FR320028030254,6,2,0.8181818181818182,83,1,0.9325842696629213
1418,FR320028030255,8,2,0.8181818181818182,81,1,0.9101123595505618
1419,FR320028030256,14,4,0.8181818181818182,164,2,0.9213483146067416
1420,FR320028030257,6,2,0.8181818181818182,83,1,0.9325842696629213
1421,FR320028030258,6,2,0.8181818181818182,83,1,0.9325842696629213
1422,FR320028030259,6,2,0.8181818181818182,83,1,0.9325842696629213
1423,FR320028030260,8,2,0.8181818181818182,81,1,0.9101123595505618
1424,FR320028030261,8,2,0.8181818181818182,81,1,0.9101123595505618
1425,FR320028030262,8,2,0.8181818181818182,81,1,0.9101123595505618
1426,FR320028030263,8,2,0.8181818181818182,81,1,0.9101123595505618
1427,FR320028030264,8,2,0.8181818181818182,81,1,0.9101123595505618
1428,FR320028030265,8,2,0.8181818181818182,81,1,0.9101123595505618
1429,FR320028030267,8,2,0.8181818181818182,81,1,0.9101123595505618
1430,FR320028030268,6,2,0.8181818181818182,83,1,0.9325842696629213
1431,FR320028030269,8,2,0.8181818181818182,81,1,0.9101123595505618
1432,FR320028030270,7,1,0.9090909090909091,82,1,0.9213483146067416
1433,FR320028030271,8,2,0.8181818181818182,81,1,0.9101123595505618
1434,FR320028030272,8,2,0.8181818181818182,81,1,0.9101123595505618
1435,FR320028030273,6,2,0.8181818181818182,83,1,0.9325842696629213
1436,FR320028030274,6,2,0.8181818181818182,83,1,0.9325842696629213
1437,FR320028030275,6,2,0.8181818181818182,83,1,0.9325842696629213
1438,FR320028030276,8,2,0.8181818181818182,81,1,0.9101123595505618
1439,FR320028030277,8,2,0.8181818181818182,81,1,0.9101123595505618
1440,FR320028030278,6,2,0.8181818181818182,83,1,0.9325842696629213
1441,FR320028030279,5,1,0.9090909090909091,84,1,0.9438202247191011
1442,FR320028030280,8,2,0.8181818181818182,81,1,0.9101123595505618
1443,FR320028030281,6,2,0.8181818181818182,83,1,0.9325842696629213
1444,FR320028030282,6,2,0.8181818181818182,83,1,0.9325842696629213
1445,FR320028030283,8,2,0.8181818181818182,81,1,0.9101123595505618
1446,FR320028030284,6,1,0.9090909090909091,83,1,0.9325842696629213
1447,FR320028030285,5,2,0.8181818181818182,84,1,0.9438202247191011
1448,FR320028030286,8,2,0.8181818181818182,81,1,0.9101123595505618
1449,FR320028030287,8,2,0.8181818181818182,81,1,0.9101123595505618
1450,FR320028030288,8,2,0.8181818181818182,81,1,0.9101123595505618
1451,FR320028030289,6,2,0.8181818181818182,83,1,0.9325842696629213
1452,FR320028030290,4,1,0.9090909090909091,85,1,0.9550561797752809
1453,FR320028030291,6,2,0.8181818181818182,83,1,0.9325842696629213
1454,FR320028030292,8,2,0.8181818181818182,81,1,0.9101123595505618
1455,FR320028030293,6,2,0.8181818181818182,83,1,0.9325842696629213
1456,FR320028030294,8,2,0.8181818181818182,81,1,0.9101123595505618
1457,FR320028030295,8,2,0.8181818181818182,81,1,0.9101123595505618
1458,FR320028030296,8,2,0.8181818181818182,81,1,0.9101123595505618
1459,FR320028030297,8,2,0.8181818181818182,81,1,0.9101123595505618
1460,FR320028030298,6,1,0.9090909090909091,83,1,0.9325842696629213
1461,FR320028030299,6,2,0.8181818181818182,83,1,0.9325842696629213
1462,FR320028030300,8,2,0.8181818181818182,81,1,0.9101123595505618
1463,FR320028030301,8,2,0.8181818181818182,81,1,0.9101123595505618
1464,FR320028030302,8,2,0.8181818181818182,81,1,0.9101123595505618
1465,FR320028030303,8,2,0.8181818181818182,81,1,0.9101123595505618
1466,FR320028030304,8,2,0.8181818181818182,81,1,0.9101123595505618
1467,FR320028030305,8,2,0.8181818181818182,81,1,0.9101123595505618
1468,FR320028030306,8,2,0.8181818181818182,81,1,0.9101123595505618
